,Time_Stamp,Temperature,TDS-Voltage,TDSwithoutT,TDSwithT,Water_Level
2,2020-12-17 00:29:38-05:00,22.13,0.18,72.43,76.64,3.74
3,2020-12-17 00:39:39-05:00,22.19,0.18,72.72,76.85,3.79
4,2020-12-17 00:49:42-05:00,22.25,0.18,72.45,76.47,3.84
5,2020-12-17 00:59:46-05:00,22.31,0.18,72.01,75.91,3.84
6,2020-12-17 01:09:50-05:00,22.31,0.18,72.68,76.61,3.89
7,2020-12-17 01:19:55-05:00,22.44,0.18,72.71,76.45,3.94
8,2020-12-17 01:29:56-05:00,22.5,0.2,82.11,86.21,3.6
9,2020-12-17 01:39:57-05:00,22.5,0.2,82.32,86.43,4.0
10,2020-12-17 01:49:58-05:00,22.56,0.19,78.13,81.94,3.66
11,2020-12-17 02:00:01-05:00,22.62,0.18,74.61,78.16,3.69
12,2020-12-17 02:10:04-05:00,22.62,0.18,73.99,77.5,3.74
13,2020-12-17 02:20:07-05:00,22.62,0.18,73.49,76.98,4.15
14,2020-12-17 02:30:12-05:00,22.62,0.2,82.31,86.2,4.2
15,2020-12-17 02:40:12-05:00,22.69,0.2,82.49,86.28,4.25
16,2020-12-17 02:50:13-05:00,22.75,0.2,82.5,86.18,4.25
17,2020-12-17 03:00:14-05:00,22.75,0.2,82.82,86.51,4.3
18,2020-12-17 03:10:16-05:00,22.75,0.2,82.41,86.09,4.35
19,2020-12-17 03:20:20-05:00,22.81,0.2,82.25,85.82,4.4
20,2020-12-17 03:30:23-05:00,22.81,0.2,82.55,86.13,4.4
21,2020-12-17 03:40:26-05:00,22.81,0.21,83.44,87.05,4.45
22,2020-12-17 03:50:30-05:00,22.81,0.21,83.3,86.91,4.5
23,2020-12-17 04:00:35-05:00,22.81,0.21,83.68,87.3,4.56
24,2020-12-17 04:10:36-05:00,22.81,0.21,83.44,87.05,4.56
25,2020-12-17 04:21:55-05:00,22.87,0.2,80.63,84.03,3.59
26,2020-12-17 04:31:57-05:00,22.19,0.2,81.44,86.04,3.69
27,2020-12-17 04:42:00-05:00,22.25,0.2,81.49,85.99,3.74
28,2020-12-17 04:52:02-05:00,22.31,0.2,81.59,85.98,3.38
29,2020-12-17 05:02:06-05:00,22.31,0.2,81.32,85.7,3.43
30,2020-12-17 05:12:10-05:00,22.37,0.2,81.61,85.89,3.89
31,2020-12-17 05:22:15-05:00,22.44,0.2,81.97,86.16,3.94
32,2020-12-17 05:32:16-05:00,22.44,0.2,82.36,86.58,4.0
33,2020-12-17 05:42:16-05:00,22.5,0.2,82.21,86.31,4.05
34,2020-12-17 05:52:19-05:00,22.56,0.2,82.38,86.38,4.1
35,2020-12-17 06:02:21-05:00,22.56,0.2,82.5,86.5,4.15
36,2020-12-17 06:12:23-05:00,22.62,0.2,82.24,86.12,3.79
37,2020-12-17 06:30:15-05:00,22.19,0.2,80.81,85.38,3.69
38,2020-12-17 06:40:16-05:00,22.19,0.2,81.47,86.07,3.74
39,2020-12-17 06:50:19-05:00,22.25,0.2,81.42,85.91,3.79
40,2020-12-17 07:00:23-05:00,22.31,0.2,81.0,85.36,3.89
41,2020-12-17 07:10:28-05:00,22.37,0.2,81.32,85.59,3.94
42,2020-12-17 07:20:33-05:00,22.37,0.2,81.69,85.98,4.0
43,2020-12-17 07:30:33-05:00,22.44,0.2,82.13,86.33,4.05
44,2020-12-17 07:40:34-05:00,22.44,0.2,81.92,86.11,4.1
45,2020-12-17 07:50:36-05:00,22.44,0.2,82.33,86.54,4.15
46,2020-12-17 08:00:38-05:00,22.5,0.2,82.41,86.52,4.2
47,2020-12-17 08:10:41-05:00,22.5,0.2,82.26,86.36,4.25
48,2020-12-17 08:20:45-05:00,22.56,0.21,83.1,87.13,4.3
49,2020-12-17 08:30:49-05:00,22.56,0.2,82.3,86.3,4.35
50,2020-12-17 08:40:54-05:00,22.56,0.2,82.27,86.26,4.4
51,2020-12-17 08:50:55-05:00,22.62,0.2,83.07,86.99,4.45
52,2020-12-17 09:00:56-05:00,22.62,0.21,83.13,87.05,4.5
53,2020-12-17 09:10:58-05:00,22.62,0.2,82.76,86.66,4.56
54,2020-12-17 09:21:01-05:00,22.69,0.2,82.36,86.15,4.61
55,2020-12-17 09:31:03-05:00,22.69,0.2,82.76,86.56,4.61
56,2020-12-17 09:41:07-05:00,22.69,0.2,83.01,86.83,4.66
57,2020-12-17 09:51:11-05:00,22.75,0.21,83.42,87.14,4.71
58,2020-12-17 10:01:16-05:00,22.75,0.21,83.22,86.93,4.76
59,2020-12-17 10:11:16-05:00,22.75,0.2,82.84,86.54,4.81
60,2020-12-17 10:22:31-05:00,22.81,0.2,81.46,85.0,3.59
61,2020-12-17 10:32:32-05:00,22.19,0.2,81.76,86.38,3.64
62,2020-12-17 10:42:35-05:00,22.25,0.2,81.57,86.06,3.69
63,2020-12-17 10:52:38-05:00,22.37,0.2,82.0,86.31,3.74
64,2020-12-17 11:02:42-05:00,22.37,0.2,82.35,86.67,3.79
65,2020-12-17 11:12:46-05:00,22.44,0.2,82.37,86.59,3.84
66,2020-12-17 11:22:47-05:00,22.5,0.2,81.6,85.67,3.89
67,2020-12-17 11:32:48-05:00,22.56,0.2,82.45,86.45,3.94
68,2020-12-17 11:42:50-05:00,22.62,0.2,82.7,86.61,4.0
69,2020-12-17 11:52:52-05:00,22.69,0.2,82.82,86.62,4.05
70,2020-12-17 12:02:54-05:00,22.69,0.21,83.21,87.03,4.05
71,2020-12-17 12:12:58-05:00,22.75,0.21,83.3,87.02,4.1
72,2020-12-17 12:23:02-05:00,22.81,0.21,83.21,86.82,4.15
73,2020-12-17 12:33:07-05:00,22.87,0.21,83.3,86.81,4.2
74,2020-12-17 12:43:12-05:00,22.87,0.21,83.16,86.65,4.25
75,2020-12-17 12:53:13-05:00,22.94,0.21,83.46,86.86,4.25
76,2020-12-17 13:03:14-05:00,23.0,0.21,83.43,86.72,4.3
77,2020-12-17 13:13:17-05:00,23.06,0.21,83.36,86.54,4.35
78,2020-12-17 13:23:19-05:00,23.06,0.21,83.51,86.7,4.4
79,2020-12-17 13:33:22-05:00,23.12,0.21,83.76,86.85,4.45
80,2020-12-17 13:43:26-05:00,23.19,0.21,83.84,86.83,4.45
81,2020-12-17 13:53:27-05:00,23.19,0.21,84.01,87.0,4.5
82,2020-12-17 14:03:31-05:00,23.25,0.21,83.72,86.59,4.56
83,2020-12-17 14:13:36-05:00,23.31,0.21,83.56,86.33,4.61
84,2020-12-17 14:24:46-05:00,23.31,0.2,80.61,83.29,3.6
85,2020-12-17 14:34:48-05:00,22.37,0.2,82.13,86.44,3.64
86,2020-12-17 14:44:50-05:00,22.5,0.2,79.39,83.36,3.69
87,2020-12-17 15:15:37-05:00,23.5,0.2,81.54,83.93,3.64
88,2020-12-17 15:25:38-05:00,23.5,0.2,81.65,84.04,3.69
89,2020-12-17 15:35:41-05:00,23.56,0.2,82.06,84.37,3.74
90,2020-12-17 15:45:46-05:00,23.56,0.2,82.03,84.34,3.79
91,2020-12-17 15:55:51-05:00,23.62,0.2,82.2,84.4,3.81
92,2020-12-17 16:05:56-05:00,23.62,0.2,81.91,84.1,3.91
93,2020-12-17 16:15:57-05:00,23.69,0.2,82.44,84.54,3.89
94,2020-12-17 16:25:58-05:00,23.69,0.2,82.54,84.65,3.94
95,2020-12-17 16:36:00-05:00,23.69,0.2,82.54,84.65,4.0
96,2020-12-17 16:46:02-05:00,23.69,0.2,82.31,84.42,4.05
97,2020-12-17 16:56:05-05:00,23.75,0.2,82.85,84.86,4.1
98,2020-12-17 17:06:09-05:00,23.75,0.2,82.92,84.94,4.15
99,2020-12-17 17:16:13-05:00,23.75,0.2,82.97,84.99,4.2
100,2020-12-17 17:26:18-05:00,23.75,0.2,82.68,84.69,4.25
101,2020-12-17 17:36:19-05:00,23.75,0.21,83.11,85.13,4.3
102,2020-12-17 17:46:20-05:00,23.75,0.2,82.99,85.01,4.3
103,2020-12-17 17:56:21-05:00,23.75,0.2,82.38,84.39,4.35
104,2020-12-17 18:06:24-05:00,23.75,0.2,81.1,83.07,4.4
105,2020-12-17 18:16:27-05:00,23.75,0.2,80.51,82.47,4.4
106,2020-12-17 18:26:30-05:00,23.75,0.2,80.49,82.45,4.45
107,2020-12-17 18:36:34-05:00,23.75,0.2,80.75,82.71,4.45
108,2020-12-17 18:46:39-05:00,23.75,0.2,80.69,82.65,4.5
109,2020-12-17 18:56:39-05:00,23.75,0.2,81.25,83.22,4.5
110,2020-12-17 19:07:54-05:00,23.69,0.2,82.82,84.93,3.59
111,2020-12-17 19:17:56-05:00,23.44,0.2,79.92,82.37,3.64
112,2020-12-17 19:27:58-05:00,23.44,0.2,80.03,82.48,3.69
113,2020-12-17 19:38:01-05:00,23.44,0.2,80.31,82.77,3.76
114,2020-12-17 19:48:05-05:00,23.5,0.2,79.94,82.29,3.79
115,2020-12-17 19:58:08-05:00,23.44,0.2,79.6,82.04,3.79
116,2020-12-17 20:08:13-05:00,23.5,0.2,79.76,82.11,3.84
117,2020-12-17 20:18:13-05:00,23.5,0.2,79.59,81.93,3.89
118,2020-12-17 20:28:14-05:00,23.5,0.2,80.1,82.45,3.94
119,2020-12-17 20:38:16-05:00,23.5,0.2,79.48,81.82,4.0
120,2020-12-17 20:48:18-05:00,23.5,0.2,79.62,81.96,4.0
121,2020-12-17 20:58:21-05:00,23.5,0.2,79.59,81.93,4.05
122,2020-12-17 21:08:24-05:00,23.5,0.2,79.72,82.06,4.1
123,2020-12-17 21:18:28-05:00,23.5,0.2,79.96,82.31,4.15
124,2020-12-17 21:28:33-05:00,23.5,0.2,80.48,82.84,4.15
125,2020-12-17 21:38:33-05:00,23.5,0.2,80.59,82.96,4.2
126,2020-12-17 21:48:34-05:00,23.5,0.2,79.78,82.13,4.25
127,2020-12-17 21:58:35-05:00,23.5,0.2,80.89,83.27,4.25
128,2020-12-17 22:08:38-05:00,23.5,0.2,80.03,82.38,4.3
129,2020-12-17 22:18:41-05:00,23.5,0.19,77.2,79.47,4.35
130,2020-12-17 22:28:44-05:00,23.5,0.19,77.54,79.82,4.35
131,2020-12-17 22:38:48-05:00,23.5,0.19,77.38,79.65,4.4
132,2020-12-17 22:48:53-05:00,23.5,0.19,77.28,79.55,4.45
133,2020-12-17 22:58:58-05:00,23.5,0.19,78.48,80.78,4.45
134,2020-12-17 23:10:08-05:00,23.56,0.2,82.09,84.4,3.59
135,2020-12-17 23:20:10-05:00,23.44,0.19,78.11,80.51,3.64
136,2020-12-17 23:30:12-05:00,23.44,0.19,77.4,79.77,3.69
137,2020-12-17 23:40:15-05:00,23.44,0.19,77.73,80.11,3.69
138,2020-12-17 23:50:18-05:00,23.44,0.19,78.11,80.51,3.74
139,2020-12-18 00:00:22-05:00,23.44,0.19,77.3,79.67,3.79
140,2020-12-18 00:10:26-05:00,23.44,0.19,77.92,80.3,3.79
141,2020-12-18 00:20:27-05:00,23.44,0.19,78.0,80.39,3.84
142,2020-12-18 00:30:28-05:00,23.5,0.19,77.94,80.23,3.89
143,2020-12-18 00:40:29-05:00,23.44,0.19,77.2,79.57,3.89
144,2020-12-18 00:50:31-05:00,23.5,0.19,77.6,79.89,3.94
145,2020-12-18 01:00:33-05:00,23.44,0.19,77.3,79.67,4.0
146,2020-12-18 01:10:36-05:00,23.44,0.19,77.55,79.93,4.0
147,2020-12-18 01:20:40-05:00,23.44,0.19,77.5,79.88,4.05
148,2020-12-18 01:30:44-05:00,23.44,0.19,77.58,79.96,4.05
149,2020-12-18 01:40:49-05:00,23.5,0.19,77.54,79.82,4.1
150,2020-12-18 01:50:49-05:00,23.5,0.19,77.92,80.21,4.1
151,2020-12-18 02:00:50-05:00,23.5,0.19,77.03,79.3,4.15
152,2020-12-18 02:11:22-05:00,23.5,0.19,77.66,79.94,4.2
153,2020-12-18 02:22:04-05:00,23.5,0.19,77.27,79.54,4.2
154,2020-12-18 02:32:49-05:00,23.5,0.19,77.14,79.4,4.25
155,2020-12-18 02:43:33-05:00,23.5,0.19,77.78,80.07,4.25
156,2020-12-18 02:54:17-05:00,23.5,0.19,77.67,79.95,4.3
157,2020-12-18 03:05:04-05:00,23.5,0.19,77.55,79.83,4.3
158,2020-12-18 03:15:53-05:00,23.44,0.19,78.53,80.94,3.59
159,2020-12-18 03:26:39-05:00,23.44,0.19,76.8,79.16,3.64
160,2020-12-18 03:37:27-05:00,23.44,0.19,77.17,79.53,3.69
161,2020-12-18 03:48:14-05:00,23.44,0.19,76.61,78.96,3.74
162,2020-12-18 03:59:02-05:00,23.44,0.19,76.81,79.17,3.74
163,2020-12-18 04:09:51-05:00,23.44,0.19,77.35,79.73,3.79
164,2020-12-18 04:20:41-05:00,23.44,0.19,77.26,79.63,3.84
165,2020-12-18 04:31:31-05:00,23.44,0.19,77.24,79.61,3.84
166,2020-12-18 04:42:21-05:00,23.44,0.19,77.17,79.53,3.89
167,2020-12-18 04:53:12-05:00,23.44,0.19,77.24,79.61,3.89
168,2020-12-18 05:04:04-05:00,23.44,0.19,77.68,80.06,3.94
169,2020-12-18 05:14:59-05:00,23.44,0.19,77.9,80.28,3.94
170,2020-12-18 05:25:53-05:00,23.44,0.19,77.28,79.65,4.0
171,2020-12-18 05:36:47-05:00,23.44,0.19,77.21,79.58,4.05
172,2020-12-18 05:47:42-05:00,23.44,0.19,77.59,79.97,4.05
173,2020-12-18 05:58:37-05:00,23.44,0.19,76.78,79.14,4.1
174,2020-12-18 06:09:32-05:00,23.44,0.19,77.13,79.49,4.1
175,2020-12-18 06:20:28-05:00,23.44,0.19,76.98,79.34,4.15
176,2020-12-18 06:31:25-05:00,23.44,0.19,77.26,79.63,4.15
177,2020-12-18 06:42:23-05:00,23.44,0.19,77.83,80.22,4.2
178,2020-12-18 06:53:22-05:00,23.44,0.19,77.31,79.68,4.2
179,2020-12-18 07:04:20-05:00,23.44,0.19,77.57,79.95,4.25
180,2020-12-18 07:14:45-05:00,23.44,0.2,81.82,84.32,3.59
181,2020-12-18 07:24:50-05:00,23.38,0.19,78.12,80.62,3.64
182,2020-12-18 07:34:50-05:00,23.38,0.19,77.97,80.46,3.64
183,2020-12-18 07:44:51-05:00,23.38,0.19,77.72,80.2,3.69
184,2020-12-18 07:54:52-05:00,23.38,0.19,77.45,79.92,3.69
185,2020-12-18 08:04:54-05:00,23.38,0.19,77.34,79.81,3.76
186,2020-12-18 08:14:58-05:00,23.38,0.19,77.51,79.99,3.74
187,2020-12-18 08:25:01-05:00,23.38,0.19,76.65,79.1,3.81
188,2020-12-18 08:35:05-05:00,23.38,0.19,77.5,79.97,3.79
189,2020-12-18 08:45:10-05:00,23.38,0.19,77.09,79.56,3.84
190,2020-12-18 08:55:25-05:00,23.38,0.19,77.0,79.46,3.84
191,2020-12-18 09:06:32-05:00,23.38,0.19,76.8,79.26,3.89
192,2020-12-18 09:17:39-05:00,23.38,0.18,75.33,77.74,3.89
193,2020-12-18 09:28:47-05:00,23.38,0.19,75.98,78.41,3.94
194,2020-12-18 09:39:55-05:00,23.38,0.19,75.88,78.3,3.94
195,2020-12-18 09:51:05-05:00,23.38,0.19,75.81,78.24,4.0
196,2020-12-18 10:02:14-05:00,23.38,0.19,75.57,77.99,4.0
197,2020-12-18 10:13:24-05:00,23.38,0.19,75.86,78.28,4.05
198,2020-12-18 10:24:35-05:00,23.38,0.18,75.06,77.46,4.05
199,2020-12-18 10:35:47-05:00,23.44,0.19,75.37,77.68,4.1
200,2020-12-18 10:46:58-05:00,23.44,0.19,75.94,78.27,4.1
201,2020-12-18 10:58:11-05:00,23.44,0.19,75.66,77.98,4.1
202,2020-12-18 11:09:38-05:00,23.44,0.18,74.87,77.16,4.15
203,2020-12-18 11:20:56-05:00,23.38,0.19,77.25,79.72,3.64
204,2020-12-18 11:32:10-05:00,23.38,0.19,75.51,77.93,3.64
205,2020-12-18 11:43:37-05:00,23.44,0.19,75.75,78.08,3.69
206,2020-12-18 11:54:53-05:00,23.44,0.19,76.02,78.36,3.69
207,2020-12-18 12:06:14-05:00,23.5,0.19,76.0,78.24,3.74
208,2020-12-18 12:17:33-05:00,23.5,0.19,75.65,77.87,3.74
209,2020-12-18 12:28:53-05:00,23.56,0.19,76.37,78.52,3.79
210,2020-12-18 12:40:12-05:00,23.56,0.19,75.53,77.66,3.79
211,2020-12-18 12:51:31-05:00,23.56,0.19,75.56,77.69,3.84
212,2020-12-18 13:02:51-05:00,23.62,0.19,77.05,79.13,3.84
213,2020-12-18 13:14:16-05:00,23.69,0.2,81.15,83.23,3.89
214,2020-12-18 13:25:37-05:00,23.69,0.2,81.49,83.58,3.89
215,2020-12-18 13:36:58-05:00,23.75,0.2,81.16,83.14,3.89
216,2020-12-18 13:48:20-05:00,23.75,0.2,81.61,83.59,3.94
217,2020-12-18 13:59:43-05:00,23.81,0.2,81.42,83.3,3.94
218,2020-12-18 14:11:30-05:00,23.81,0.2,80.74,82.6,3.96
219,2020-12-18 14:22:54-05:00,23.87,0.2,81.31,83.08,3.94
220,2020-12-18 14:34:41-05:00,23.94,0.2,81.41,83.09,4.0
221,2020-12-18 14:46:17-05:00,23.94,0.2,81.3,82.97,4.0
222,2020-12-18 14:57:43-05:00,23.94,0.2,81.71,83.39,4.0
223,2020-12-18 15:09:11-05:00,24.0,0.2,81.65,83.23,4.05
224,2020-12-18 15:19:15-05:00,24.0,0.2,82.93,84.54,3.64
225,2020-12-18 15:29:17-05:00,23.5,0.2,80.83,83.2,3.71
226,2020-12-18 15:39:19-05:00,23.5,0.2,81.14,83.52,3.71
227,2020-12-18 15:49:22-05:00,23.56,0.2,81.38,83.67,3.76
228,2020-12-18 15:59:26-05:00,23.62,0.2,81.89,84.08,3.74
229,2020-12-18 16:09:30-05:00,23.69,0.2,81.9,83.99,3.79
230,2020-12-18 16:19:32-05:00,23.69,0.2,81.8,83.9,3.81
231,2020-12-18 16:29:52-05:00,23.75,0.2,81.8,83.79,3.79
232,2020-12-18 16:41:24-05:00,23.75,0.2,81.88,83.87,3.84
233,2020-12-18 16:52:56-05:00,23.81,0.2,82.18,84.07,3.84
234,2020-12-18 17:04:29-05:00,23.81,0.2,82.34,84.24,3.89
235,2020-12-18 17:16:03-05:00,23.81,0.2,82.19,84.08,3.89
236,2020-12-18 17:27:37-05:00,23.87,0.2,82.24,84.03,3.94
237,2020-12-18 17:39:12-05:00,23.87,0.2,82.28,84.08,3.94
238,2020-12-18 17:50:51-05:00,23.87,0.2,82.72,84.53,3.94
239,2020-12-18 18:02:26-05:00,23.87,0.2,82.67,84.48,4.0
240,2020-12-18 18:14:02-05:00,23.87,0.2,82.86,84.67,4.0
241,2020-12-18 18:25:40-05:00,23.87,0.2,82.71,84.52,4.0
242,2020-12-18 18:37:18-05:00,23.94,0.2,82.6,84.3,4.05
243,2020-12-18 18:48:56-05:00,23.94,0.2,82.93,84.64,4.06
244,2020-12-18 19:00:35-05:00,23.94,0.2,82.97,84.68,4.05
245,2020-12-18 20:08:43-05:00,23.44,0.2,82.01,84.52,3.69
246,2020-12-18 20:18:44-05:00,23.5,0.2,81.57,83.96,3.69
247,2020-12-18 20:28:47-05:00,23.5,0.2,82.25,84.66,3.74
248,2020-12-18 20:38:51-05:00,23.5,0.2,81.82,84.21,3.74
249,2020-12-18 20:48:55-05:00,23.56,0.2,82.09,84.4,3.74
250,2020-12-18 20:59:00-05:00,23.56,0.2,81.87,84.17,3.79
251,2020-12-18 21:09:00-05:00,23.56,0.2,82.26,84.57,3.79
252,2020-12-18 21:19:01-05:00,23.62,0.2,82.09,84.3,3.81
253,2020-12-18 21:29:03-05:00,23.62,0.2,82.75,84.96,3.84
254,2020-12-18 21:39:06-05:00,23.62,0.2,82.68,84.9,3.84
255,2020-12-18 21:49:09-05:00,23.62,0.2,82.4,84.61,3.84
256,2020-12-18 21:59:12-05:00,23.62,0.2,82.88,85.1,3.89
257,2020-12-18 22:09:17-05:00,23.69,0.2,82.3,84.41,3.89
258,2020-12-18 22:19:21-05:00,23.69,0.2,82.72,84.84,3.89
259,2020-12-18 22:29:22-05:00,23.69,0.2,82.51,84.62,3.89
260,2020-12-18 22:39:23-05:00,23.69,0.2,82.3,84.41,3.94
261,2020-12-18 22:49:25-05:00,23.69,0.2,82.24,84.34,3.94
262,2020-12-18 22:59:27-05:00,23.69,0.2,82.64,84.75,3.94
263,2020-12-18 23:09:30-05:00,23.69,0.2,81.5,83.59,3.94
264,2020-12-18 23:19:33-05:00,23.69,0.2,82.57,84.68,3.94
265,2020-12-18 23:29:34-05:00,23.69,0.2,82.39,84.5,4.0
266,2020-12-18 23:39:34-05:00,23.69,0.2,82.13,84.23,4.0
267,2020-12-18 23:49:35-05:00,23.75,0.2,82.14,84.13,4.0
268,2020-12-19 00:00:59-05:00,23.75,0.2,83.01,85.03,3.69
269,2020-12-19 00:11:02-05:00,23.38,0.2,81.49,84.09,3.69
270,2020-12-19 00:21:04-05:00,23.38,0.2,81.43,84.03,3.74
271,2020-12-19 00:31:05-05:00,23.44,0.2,81.41,83.9,3.74
272,2020-12-19 00:41:08-05:00,23.44,0.2,81.31,83.8,3.74
273,2020-12-19 00:51:09-05:00,23.44,0.2,81.99,84.5,3.79
274,2020-12-19 01:01:14-05:00,23.44,0.2,81.71,84.21,3.81
275,2020-12-19 01:11:14-05:00,23.5,0.2,81.49,83.89,3.79
276,2020-12-19 01:21:16-05:00,23.5,0.2,81.55,83.94,3.84
277,2020-12-19 01:31:17-05:00,23.5,0.2,81.85,84.25,3.84
278,2020-12-19 01:41:19-05:00,23.5,0.2,81.38,83.77,3.84
279,2020-12-19 01:51:22-05:00,23.56,0.2,81.7,84.0,3.84
280,2020-12-19 02:01:25-05:00,23.56,0.2,81.72,84.02,3.84
281,2020-12-19 02:11:29-05:00,23.56,0.2,81.84,84.13,3.89
282,2020-12-19 02:21:29-05:00,23.56,0.2,81.92,84.22,3.91
283,2020-12-19 02:31:30-05:00,23.56,0.2,81.96,84.26,3.89
284,2020-12-19 02:41:30-05:00,23.56,0.2,82.59,84.91,3.89
285,2020-12-19 02:51:32-05:00,23.56,0.2,81.83,84.12,3.89
286,2020-12-19 03:01:34-05:00,23.56,0.2,81.84,84.13,3.94
287,2020-12-19 03:11:37-05:00,23.62,0.2,82.17,84.37,3.94
288,2020-12-19 03:21:40-05:00,23.62,0.2,81.86,84.05,3.94
289,2020-12-19 03:31:45-05:00,23.62,0.2,82.37,84.58,3.96
290,2020-12-19 03:41:49-05:00,23.62,0.2,82.55,84.76,3.94
291,2020-12-19 03:51:54-05:00,23.62,0.2,82.29,84.5,3.94
292,2020-12-19 04:03:15-05:00,23.62,0.2,82.99,85.22,3.74
293,2020-12-19 04:13:16-05:00,23.31,0.2,81.82,84.52,3.74
294,2020-12-19 04:23:18-05:00,23.38,0.2,81.57,84.17,3.79
295,2020-12-19 04:33:22-05:00,23.38,0.2,81.15,83.74,3.79
296,2020-12-19 04:43:26-05:00,23.38,0.2,81.87,84.47,3.79
297,2020-12-19 04:53:26-05:00,23.38,0.2,81.66,84.26,3.79
298,2020-12-19 05:03:28-05:00,23.38,0.2,81.91,84.52,3.84
299,2020-12-19 05:13:29-05:00,23.38,0.2,81.64,84.24,3.84
300,2020-12-19 05:23:31-05:00,23.44,0.2,82.17,84.68,3.84
301,2020-12-19 05:33:34-05:00,23.44,0.2,82.34,84.86,3.84
302,2020-12-19 05:43:36-05:00,23.44,0.2,82.47,84.99,3.89
303,2020-12-19 05:53:39-05:00,23.44,0.2,82.23,84.74,3.89
304,2020-12-19 06:03:43-05:00,23.44,0.2,81.94,84.45,3.89
305,2020-12-19 06:13:48-05:00,23.44,0.2,82.03,84.54,3.89
306,2020-12-19 06:23:52-05:00,23.44,0.2,81.46,83.96,3.89
307,2020-12-19 06:33:57-05:00,23.44,0.2,81.67,84.17,3.89
308,2020-12-19 06:43:58-05:00,23.44,0.2,82.27,84.79,3.94
309,2020-12-19 06:54:09-05:00,23.44,0.2,81.66,84.16,3.94
310,2020-12-19 07:04:51-05:00,23.44,0.2,81.9,84.4,3.94
311,2020-12-19 07:15:34-05:00,23.44,0.2,81.91,84.41,3.94
312,2020-12-19 07:26:17-05:00,23.44,0.2,81.77,84.28,3.94
313,2020-12-19 07:37:01-05:00,23.44,0.2,81.91,84.41,3.94
314,2020-12-19 07:47:46-05:00,23.44,0.2,82.91,85.45,3.94
315,2020-12-19 07:58:31-05:00,23.44,0.2,81.91,84.41,4.0
316,2020-12-19 08:09:20-05:00,23.25,0.2,82.04,84.86,3.69
317,2020-12-19 08:20:06-05:00,23.25,0.2,81.62,84.43,3.69
318,2020-12-19 08:30:53-05:00,23.25,0.2,81.12,83.91,3.69
319,2020-12-19 08:41:41-05:00,23.31,0.2,80.88,83.56,3.69
320,2020-12-19 08:52:29-05:00,23.31,0.2,82.03,84.75,3.74
321,2020-12-19 09:03:18-05:00,23.31,0.2,81.15,83.84,3.74
322,2020-12-19 09:14:09-05:00,23.31,0.2,81.55,84.25,3.74
323,2020-12-19 09:24:59-05:00,23.31,0.2,81.28,83.97,3.74
324,2020-12-19 09:35:49-05:00,23.31,0.2,81.15,83.84,3.79
325,2020-12-19 10:15:22-05:00,23.19,0.2,80.98,83.87,3.74
326,2020-12-19 10:25:23-05:00,23.19,0.2,81.61,84.52,3.74
327,2020-12-19 10:35:26-05:00,23.25,0.2,81.28,84.07,3.79
328,2020-12-19 10:45:30-05:00,23.25,0.2,81.29,84.08,3.79
329,2020-12-19 10:55:34-05:00,23.25,0.2,81.35,84.15,3.79
330,2020-12-19 11:05:34-05:00,23.25,0.2,81.53,84.33,3.79
331,2020-12-19 11:15:35-05:00,23.25,0.2,81.99,84.81,3.84
332,2020-12-19 11:25:36-05:00,23.31,0.2,81.39,84.09,3.84
333,2020-12-19 11:35:38-05:00,23.31,0.2,80.91,83.6,3.84
334,2020-12-19 11:45:41-05:00,23.31,0.2,81.17,83.86,3.84
335,2020-12-19 11:55:44-05:00,23.31,0.2,81.79,84.5,3.84
336,2020-12-19 12:05:48-05:00,23.38,0.2,82.02,84.63,3.84
337,2020-12-19 12:15:52-05:00,23.38,0.2,81.85,84.45,3.89
338,2020-12-19 12:25:57-05:00,23.38,0.2,81.63,84.23,3.84
339,2020-12-19 12:35:57-05:00,23.44,0.2,81.88,84.38,3.89
340,2020-12-19 12:45:59-05:00,23.44,0.2,81.84,84.34,3.89
341,2020-12-19 12:56:00-05:00,23.44,0.2,81.26,83.74,3.89
342,2020-12-19 13:06:02-05:00,23.5,0.2,82.01,84.42,3.89
343,2020-12-19 13:16:05-05:00,23.5,0.2,81.44,83.83,3.89
344,2020-12-19 13:26:09-05:00,23.5,0.2,82.09,84.5,3.89
345,2020-12-19 13:36:13-05:00,23.56,0.2,81.39,83.68,3.89
346,2020-12-19 13:56:09-05:00,23.12,0.2,80.81,83.8,3.69
347,2020-12-19 14:06:10-05:00,23.19,0.2,80.31,83.18,3.69
348,2020-12-19 14:16:13-05:00,23.25,0.2,80.67,83.44,3.76
349,2020-12-19 14:26:17-05:00,23.31,0.2,81.54,84.24,3.74
350,2020-12-19 14:36:21-05:00,23.31,0.2,80.78,83.46,3.74
351,2020-12-19 14:46:26-05:00,23.38,0.2,81.25,83.83,3.76
352,2020-12-19 14:56:27-05:00,23.44,0.2,81.07,83.55,3.76
353,2020-12-19 15:06:28-05:00,23.44,0.2,81.33,83.82,3.76
354,2020-12-19 15:16:29-05:00,23.5,0.2,81.67,84.07,3.81
355,2020-12-19 15:26:32-05:00,23.5,0.2,81.97,84.37,3.81
356,2020-12-19 15:36:35-05:00,23.56,0.2,81.84,84.13,3.81
357,2020-12-19 15:46:38-05:00,23.56,0.2,81.89,84.19,3.79
358,2020-12-19 15:56:42-05:00,23.62,0.2,81.43,83.62,3.79
359,2020-12-19 16:06:47-05:00,23.62,0.2,82.0,84.2,3.81
360,2020-12-19 16:16:48-05:00,23.69,0.2,82.05,84.15,3.81
361,2020-12-19 16:26:49-05:00,23.69,0.2,82.1,84.2,3.81
362,2020-12-19 16:36:51-05:00,23.69,0.2,82.39,84.5,3.86
363,2020-12-19 16:46:53-05:00,23.69,0.2,82.06,84.16,3.84
364,2020-12-19 16:56:56-05:00,23.75,0.2,82.47,84.47,3.86
365,2020-12-19 17:06:59-05:00,23.75,0.2,82.98,85.0,3.86
366,2020-12-19 17:17:03-05:00,23.75,0.21,83.13,85.15,3.84
367,2020-12-19 17:27:08-05:00,23.75,0.2,83.08,85.1,3.84
368,2020-12-19 17:37:09-05:00,23.75,0.2,82.88,84.89,3.86
369,2020-12-19 17:48:23-05:00,23.81,0.21,83.76,85.69,3.76
370,2020-12-19 17:58:25-05:00,23.38,0.2,81.91,84.52,3.76
371,2020-12-19 18:08:28-05:00,23.44,0.2,81.83,84.33,3.74
372,2020-12-19 18:18:31-05:00,23.44,0.2,82.02,84.53,3.74
373,2020-12-19 18:28:34-05:00,23.44,0.2,81.7,84.2,3.74
374,2020-12-19 18:38:37-05:00,23.44,0.2,81.98,84.49,3.79
375,2020-12-19 18:48:42-05:00,23.5,0.2,81.47,83.86,3.79
376,2020-12-19 18:58:42-05:00,23.5,0.2,81.79,84.19,3.79
377,2020-12-19 19:08:43-05:00,23.5,0.2,82.09,84.5,3.79
378,2020-12-19 19:18:45-05:00,23.5,0.2,82.34,84.76,3.79
379,2020-12-19 19:28:47-05:00,23.5,0.2,81.76,84.16,3.79
380,2020-12-19 19:38:49-05:00,23.5,0.2,82.65,85.08,3.79
381,2020-12-19 19:48:52-05:00,23.56,0.2,81.74,84.04,3.84
382,2020-12-19 19:58:56-05:00,23.56,0.2,82.26,84.57,3.84
383,2020-12-19 20:09:01-05:00,23.56,0.2,82.12,84.42,3.86
384,2020-12-19 20:19:01-05:00,23.56,0.2,82.54,84.86,3.84
385,2020-12-19 20:29:02-05:00,23.56,0.2,82.67,84.99,3.86
386,2020-12-19 20:39:03-05:00,23.56,0.2,82.6,84.92,3.84
387,2020-12-19 20:49:06-05:00,23.62,0.2,82.48,84.69,3.84
388,2020-12-19 20:59:08-05:00,23.62,0.2,82.57,84.78,3.86
389,2020-12-19 21:09:11-05:00,23.62,0.2,82.62,84.84,3.84
390,2020-12-19 21:19:15-05:00,23.62,0.2,82.64,84.86,3.84
391,2020-12-19 21:29:19-05:00,23.62,0.2,82.99,85.22,3.84
392,2020-12-19 21:39:20-05:00,23.62,0.2,82.93,85.15,3.84
393,2020-12-19 21:50:40-05:00,23.62,0.2,83.01,85.24,3.5
394,2020-12-19 22:00:42-05:00,23.56,0.2,81.44,83.73,3.54
395,2020-12-19 22:10:43-05:00,23.56,0.2,80.65,82.91,3.54
396,2020-12-19 22:20:46-05:00,23.56,0.2,81.59,83.88,3.54
397,2020-12-19 22:30:49-05:00,23.56,0.2,81.57,83.86,3.59
398,2020-12-19 22:40:53-05:00,23.56,0.2,81.28,83.56,3.59
399,2020-12-19 22:50:57-05:00,23.56,0.2,81.49,83.78,3.59
400,2020-12-19 23:01:02-05:00,23.5,0.2,81.09,83.47,3.59
401,2020-12-19 23:11:04-05:00,23.56,0.2,81.55,83.84,3.59
402,2020-12-19 23:21:05-05:00,23.5,0.2,80.53,82.9,3.59
403,2020-12-19 23:31:07-05:00,23.56,0.2,81.47,83.76,3.64
404,2020-12-19 23:41:10-05:00,23.56,0.2,81.04,83.31,3.64
405,2020-12-19 23:51:13-05:00,23.56,0.2,81.12,83.4,3.64
406,2020-12-20 00:01:17-05:00,23.56,0.2,80.26,82.52,3.64
407,2020-12-20 00:11:22-05:00,23.5,0.2,80.85,83.23,3.64
408,2020-12-20 00:21:23-05:00,23.5,0.2,81.05,83.43,3.64
409,2020-12-20 00:31:24-05:00,23.5,0.2,80.52,82.88,3.64
410,2020-12-20 00:41:25-05:00,23.5,0.2,81.13,83.51,3.69
411,2020-12-20 00:51:57-05:00,23.5,0.2,80.61,82.98,3.69
412,2020-12-20 01:02:40-05:00,23.5,0.2,80.57,82.94,3.69
413,2020-12-20 01:13:23-05:00,23.5,0.2,81.04,83.42,3.69
414,2020-12-20 01:24:07-05:00,23.5,0.2,80.92,83.3,3.69
415,2020-12-20 01:34:52-05:00,23.5,0.2,80.59,82.96,3.69
416,2020-12-20 01:45:37-05:00,23.5,0.2,81.35,83.74,3.69
417,2020-12-20 01:56:27-05:00,23.44,0.2,81.28,83.76,3.54
418,2020-12-20 02:07:13-05:00,23.44,0.2,81.28,83.76,3.59
419,2020-12-20 02:18:00-05:00,23.44,0.2,81.59,84.08,3.59
420,2020-12-20 02:28:48-05:00,23.44,0.2,81.53,84.02,3.59
421,2020-12-20 02:39:36-05:00,23.44,0.2,81.26,83.74,3.59
422,2020-12-20 02:50:26-05:00,23.44,0.2,81.43,83.92,3.59
423,2020-12-20 03:01:16-05:00,23.44,0.2,81.21,83.7,3.59
424,2020-12-20 03:12:12-05:00,23.44,0.2,81.46,83.96,3.66
425,2020-12-20 03:23:03-05:00,23.44,0.2,80.99,83.47,3.64
426,2020-12-20 03:33:54-05:00,23.38,0.2,81.01,83.59,3.64
427,2020-12-20 03:44:47-05:00,23.38,0.2,81.68,84.28,3.64
428,2020-12-20 03:55:39-05:00,23.38,0.2,80.79,83.37,3.64
429,2020-12-20 04:06:33-05:00,23.38,0.2,81.04,83.62,3.64
430,2020-12-20 04:17:27-05:00,23.38,0.2,81.21,83.8,3.64
431,2020-12-20 04:28:22-05:00,23.38,0.2,81.1,83.69,3.64
432,2020-12-20 04:39:17-05:00,23.31,0.2,81.33,84.02,3.69
433,2020-12-20 04:50:33-05:00,23.38,0.2,80.9,83.48,3.69
434,2020-12-20 05:01:30-05:00,23.31,0.2,80.73,83.4,3.69
435,2020-12-20 05:12:27-05:00,23.31,0.2,81.02,83.7,3.71
436,2020-12-20 05:23:25-05:00,23.31,0.2,81.38,84.08,3.69
437,2020-12-20 05:34:23-05:00,23.31,0.2,80.84,83.52,3.69
438,2020-12-20 05:45:22-05:00,23.31,0.2,80.79,83.47,3.69
439,2020-12-20 05:56:24-05:00,23.31,0.2,82.06,84.78,3.59
440,2020-12-20 06:07:24-05:00,23.38,0.2,81.03,83.61,3.59
441,2020-12-20 06:18:25-05:00,23.38,0.2,80.92,83.5,3.59
442,2020-12-20 06:29:26-05:00,23.31,0.2,80.84,83.52,3.64
443,2020-12-20 06:40:28-05:00,23.31,0.2,81.05,83.73,3.64
444,2020-12-20 06:51:30-05:00,23.31,0.2,80.55,83.22,3.64
445,2020-12-20 07:02:33-05:00,23.31,0.2,81.1,83.79,3.64
446,2020-12-20 07:13:38-05:00,23.31,0.2,81.06,83.75,3.64
447,2020-12-20 07:24:42-05:00,23.31,0.2,81.14,83.83,3.64
448,2020-12-20 07:35:47-05:00,23.25,0.2,80.7,83.47,3.64
449,2020-12-20 07:46:52-05:00,23.25,0.2,80.98,83.76,3.64
450,2020-12-20 07:57:59-05:00,23.25,0.2,81.26,84.05,3.64
451,2020-12-20 08:09:05-05:00,23.25,0.2,81.25,84.04,3.69
452,2020-12-20 08:20:13-05:00,23.25,0.2,80.8,83.58,3.69
453,2020-12-20 08:31:21-05:00,23.25,0.2,80.44,83.21,3.69
454,2020-12-20 08:42:31-05:00,23.25,0.2,80.79,83.57,3.69
455,2020-12-20 08:53:40-05:00,23.25,0.2,80.91,83.7,3.69
456,2020-12-20 09:04:49-05:00,23.25,0.2,80.58,83.36,3.69
457,2020-12-20 09:16:00-05:00,23.25,0.2,80.37,83.13,3.69
458,2020-12-20 09:27:12-05:00,23.19,0.2,80.63,83.51,3.69
459,2020-12-20 09:38:25-05:00,23.19,0.2,80.6,83.48,3.69
460,2020-12-20 09:49:38-05:00,23.19,0.2,80.46,83.33,3.69
461,2020-12-20 10:00:55-05:00,23.31,0.2,81.3,83.99,3.59
462,2020-12-20 10:12:08-05:00,23.31,0.2,81.25,83.94,3.64
463,2020-12-20 10:23:24-05:00,23.31,0.2,80.62,83.3,3.64
464,2020-12-20 10:34:40-05:00,23.31,0.2,81.32,84.01,3.64
465,2020-12-20 10:45:55-05:00,23.31,0.2,80.87,83.55,3.64
466,2020-12-20 10:57:12-05:00,23.25,0.2,81.06,83.85,3.64
467,2020-12-20 11:08:28-05:00,23.25,0.2,80.99,83.77,3.64
468,2020-12-20 11:19:45-05:00,23.25,0.19,79.17,81.9,3.64
469,2020-12-20 11:31:03-05:00,23.25,0.19,79.12,81.85,3.64
470,2020-12-20 11:42:22-05:00,23.25,0.19,79.05,81.77,3.64
471,2020-12-20 11:53:41-05:00,23.25,0.19,79.05,81.77,3.69
472,2020-12-20 12:05:00-05:00,23.25,0.2,79.72,82.47,3.69
473,2020-12-20 12:16:21-05:00,23.31,0.2,79.64,82.28,3.69
474,2020-12-20 12:27:42-05:00,23.31,0.19,79.19,81.82,3.69
475,2020-12-20 12:39:03-05:00,23.31,0.19,79.14,81.77,3.69
476,2020-12-20 12:50:25-05:00,23.31,0.19,79.15,81.78,3.71
477,2020-12-20 13:01:48-05:00,23.31,0.19,78.91,81.53,3.69
478,2020-12-20 13:13:10-05:00,23.31,0.2,79.36,81.99,3.69
479,2020-12-20 13:24:34-05:00,23.31,0.2,79.41,82.05,3.71
480,2020-12-20 13:35:59-05:00,23.38,0.2,79.61,82.15,3.69
481,2020-12-20 13:47:24-05:00,23.38,0.19,78.9,81.42,3.69
482,2020-12-20 14:01:04-05:00,23.38,0.2,82.14,84.75,3.64
483,2020-12-20 14:11:04-05:00,23.31,0.2,80.03,82.69,3.64
484,2020-12-20 14:21:47-05:00,23.31,0.2,79.94,82.59,3.64
485,2020-12-20 14:33:14-05:00,23.38,0.2,80.55,83.12,3.64
486,2020-12-20 14:44:42-05:00,23.38,0.2,80.0,82.55,3.69
487,2020-12-20 14:56:11-05:00,23.38,0.2,80.05,82.61,3.69
488,2020-12-20 15:07:40-05:00,23.38,0.2,79.87,82.41,3.69
489,2020-12-20 15:19:12-05:00,23.44,0.2,80.33,82.79,3.69
490,2020-12-20 15:30:45-05:00,23.44,0.2,80.22,82.68,3.69
491,2020-12-20 15:42:17-05:00,23.44,0.2,80.54,83.01,3.69
492,2020-12-20 15:53:48-05:00,23.5,0.2,80.39,82.75,3.69
493,2020-12-20 16:05:21-05:00,23.5,0.2,80.18,82.53,3.69
494,2020-12-20 16:16:55-05:00,23.5,0.2,80.44,82.8,3.71
495,2020-12-20 16:28:58-05:00,23.56,0.2,80.43,82.69,3.69
496,2020-12-20 16:40:33-05:00,23.56,0.2,80.97,83.24,3.69
497,2020-12-20 16:52:08-05:00,23.56,0.2,80.62,82.89,3.69
498,2020-12-20 17:03:44-05:00,23.56,0.2,80.62,82.89,3.69
499,2020-12-20 17:15:23-05:00,23.56,0.2,80.61,82.88,3.74
500,2020-12-20 17:27:00-05:00,23.56,0.2,80.41,82.67,3.74
501,2020-12-20 17:38:39-05:00,23.56,0.2,80.52,82.78,3.74
502,2020-12-20 17:50:17-05:00,23.56,0.2,80.92,83.2,3.74
503,2020-12-20 18:04:10-05:00,23.56,0.2,82.64,84.96,3.64
504,2020-12-20 18:14:14-05:00,23.25,0.2,79.85,82.6,3.64
505,2020-12-20 18:25:20-05:00,23.25,0.2,80.44,83.21,3.64
506,2020-12-20 18:37:00-05:00,23.31,0.2,80.75,83.42,3.64
507,2020-12-20 18:48:45-05:00,23.31,0.2,80.27,82.93,3.69
508,2020-12-20 19:00:28-05:00,23.31,0.2,79.88,82.53,3.69
509,2020-12-20 19:12:12-05:00,23.31,0.2,80.03,82.69,3.69
510,2020-12-20 19:23:56-05:00,23.25,0.2,80.18,82.94,3.69
511,2020-12-20 19:35:49-05:00,23.25,0.2,80.17,82.93,3.69
512,2020-12-20 19:47:36-05:00,23.25,0.2,79.7,82.45,3.69
513,2020-12-20 19:59:22-05:00,23.25,0.2,80.04,82.8,3.69
514,2020-12-20 20:11:08-05:00,23.25,0.2,79.71,82.46,3.69
515,2020-12-20 20:22:55-05:00,23.25,0.2,80.02,82.78,3.69
516,2020-12-20 20:34:46-05:00,23.25,0.2,80.06,82.82,3.69
517,2020-12-20 20:46:34-05:00,23.25,0.2,80.05,82.81,3.69
518,2020-12-20 20:58:23-05:00,23.25,0.2,80.42,83.18,3.69
519,2020-12-20 21:10:12-05:00,23.25,0.2,80.59,83.37,3.69
520,2020-12-20 21:22:02-05:00,23.25,0.2,80.41,83.17,3.74
521,2020-12-20 21:33:53-05:00,23.25,0.2,80.42,83.18,3.74
522,2020-12-20 21:45:45-05:00,23.19,0.2,80.22,83.08,3.74
523,2020-12-20 21:57:37-05:00,23.19,0.2,79.44,82.28,3.74
524,2020-12-20 22:09:45-05:00,23.19,0.2,80.58,83.46,3.69
525,2020-12-20 22:21:38-05:00,23.19,0.2,80.0,82.86,3.69
526,2020-12-20 22:33:32-05:00,23.19,0.2,80.81,83.69,3.69
527,2020-12-20 22:45:26-05:00,23.19,0.2,80.63,83.51,3.69
528,2020-12-20 22:57:20-05:00,23.19,0.2,80.55,83.43,3.69
529,2020-12-20 23:09:16-05:00,23.12,0.2,80.24,83.21,3.69
530,2020-12-20 23:21:12-05:00,23.19,0.2,80.3,83.17,3.74
531,2020-12-20 23:33:11-05:00,23.12,0.2,79.87,82.82,3.74
532,2020-12-20 23:45:09-05:00,23.12,0.2,80.32,83.29,3.74
533,2020-12-20 23:57:10-05:00,23.12,0.2,80.47,83.44,3.74
534,2020-12-21 00:09:12-05:00,23.12,0.2,80.49,83.47,3.74
535,2020-12-21 00:21:11-05:00,23.12,0.2,79.91,82.86,3.74
536,2020-12-21 00:33:11-05:00,23.12,0.2,80.15,83.11,3.74
537,2020-12-21 00:45:11-05:00,23.12,0.2,79.93,82.89,3.74
538,2020-12-21 00:57:12-05:00,23.12,0.2,80.22,83.19,3.74
539,2020-12-21 01:09:13-05:00,23.06,0.2,80.26,83.33,3.74
540,2020-12-21 01:21:14-05:00,23.12,0.2,79.64,82.58,3.74
541,2020-12-21 01:33:17-05:00,23.12,0.2,79.99,82.95,3.74
542,2020-12-21 01:45:22-05:00,23.06,0.2,80.1,83.16,3.74
543,2020-12-21 01:57:26-05:00,23.06,0.2,80.44,83.51,3.74
544,2020-12-21 02:08:42-05:00,23.06,0.2,82.44,85.58,3.69
545,2020-12-21 02:18:45-05:00,23.12,0.2,80.51,83.49,3.69
546,2020-12-21 02:28:50-05:00,23.12,0.2,80.16,83.12,3.69
547,2020-12-21 02:38:55-05:00,23.12,0.2,80.0,82.96,3.69
548,2020-12-21 02:48:56-05:00,23.12,0.2,80.04,83.0,3.69
549,2020-12-21 02:59:23-05:00,23.06,0.2,80.52,83.6,3.69
550,2020-12-21 03:11:31-05:00,23.06,0.2,80.14,83.2,3.69
551,2020-12-21 03:23:40-05:00,23.06,0.2,79.93,82.99,3.69
552,2020-12-21 03:35:48-05:00,23.06,0.2,80.39,83.46,3.69
553,2020-12-21 03:47:58-05:00,23.06,0.2,80.24,83.31,3.69
554,2020-12-21 04:00:09-05:00,23.06,0.2,79.93,82.99,3.69
555,2020-12-21 04:12:20-05:00,23.0,0.2,80.32,83.5,3.74
556,2020-12-21 04:24:32-05:00,23.0,0.2,79.97,83.13,3.74
557,2020-12-21 04:36:44-05:00,23.0,0.2,80.48,83.66,3.74
558,2020-12-21 04:48:57-05:00,23.0,0.2,80.38,83.55,3.74
559,2020-12-21 05:01:15-05:00,23.0,0.2,80.31,83.49,3.74
560,2020-12-21 05:13:29-05:00,22.94,0.2,80.54,83.83,3.74
561,2020-12-21 05:25:44-05:00,22.94,0.2,80.03,83.3,3.74
562,2020-12-21 05:38:00-05:00,22.94,0.2,79.98,83.25,3.74
563,2020-12-21 05:50:17-05:00,22.87,0.2,80.18,83.56,3.74
564,2020-12-21 06:02:34-05:00,22.87,0.2,79.77,83.13,3.74
565,2020-12-21 06:14:55-05:00,23.0,0.2,80.76,83.95,3.69
566,2020-12-21 06:27:12-05:00,23.0,0.2,80.12,83.28,3.69
567,2020-12-21 06:39:30-05:00,22.94,0.2,79.89,83.15,3.69
568,2020-12-21 06:51:49-05:00,22.87,0.2,79.43,82.78,3.69
569,2020-12-21 07:04:10-05:00,22.87,0.2,79.34,82.68,3.74
570,2020-12-21 07:16:31-05:00,22.81,0.19,79.08,82.51,3.74
571,2020-12-21 07:28:52-05:00,22.81,0.2,79.55,83.0,3.74
572,2020-12-21 07:41:13-05:00,22.75,0.19,79.06,82.59,3.74
573,2020-12-21 07:53:35-05:00,22.75,0.2,79.4,82.95,3.74
574,2020-12-21 08:05:59-05:00,22.75,0.19,78.99,82.52,3.74
575,2020-12-21 08:18:23-05:00,22.69,0.2,79.83,83.5,3.74
576,2020-12-21 08:30:50-05:00,22.69,0.2,79.4,83.05,3.74
577,2020-12-21 08:43:16-05:00,22.62,0.19,79.05,82.79,3.74
578,2020-12-21 08:55:42-05:00,22.62,0.19,79.03,82.77,3.74
579,2020-12-21 09:08:19-05:00,22.56,0.19,79.09,82.94,3.74
580,2020-12-21 09:20:46-05:00,22.56,0.19,78.83,82.66,3.74
581,2020-12-21 09:33:13-05:00,22.5,0.19,78.9,82.84,3.74
582,2020-12-21 09:45:44-05:00,22.5,0.19,79.06,83.01,3.74
583,2020-12-21 09:58:18-05:00,22.5,0.19,78.61,82.54,3.79
584,2020-12-21 10:10:50-05:00,22.5,0.19,78.76,82.69,3.79
585,2020-12-21 10:23:25-05:00,22.87,0.2,80.09,83.46,3.74
586,2020-12-21 10:35:58-05:00,22.81,0.2,80.14,83.62,3.74
587,2020-12-21 10:48:30-05:00,22.81,0.19,79.19,82.63,3.74
588,2020-12-21 11:01:03-05:00,22.75,0.19,79.03,82.56,3.74
589,2020-12-21 11:13:36-05:00,22.75,0.2,79.33,82.88,3.74
590,2020-12-21 11:26:09-05:00,22.75,0.19,79.04,82.57,3.74
591,2020-12-21 11:38:42-05:00,22.69,0.19,79.18,82.83,3.74
592,2020-12-21 11:51:20-05:00,22.69,0.2,79.37,83.02,3.74
593,2020-12-21 12:03:56-05:00,22.75,0.19,78.95,82.49,3.74
594,2020-12-21 12:16:31-05:00,22.75,0.2,79.52,83.07,3.74
595,2020-12-21 12:29:09-05:00,22.75,0.19,78.89,82.42,3.74
596,2020-12-21 12:41:46-05:00,22.75,0.2,79.38,82.93,3.74
597,2020-12-21 12:54:24-05:00,22.75,0.2,79.44,82.99,3.74
598,2020-12-21 13:07:04-05:00,22.81,0.2,79.62,83.08,3.74
599,2020-12-21 13:19:43-05:00,22.81,0.2,79.44,82.89,3.74
600,2020-12-21 13:32:24-05:00,22.87,0.2,79.32,82.66,3.74
601,2020-12-21 13:45:06-05:00,22.87,0.2,79.53,82.88,3.74
602,2020-12-21 13:58:03-05:00,22.94,0.2,80.53,83.82,3.74
603,2020-12-21 14:10:44-05:00,23.0,0.2,81.4,84.62,3.74
604,2020-12-21 14:24:04-05:00,23.62,0.2,82.63,84.85,3.54
605,2020-12-21 14:37:47-05:00,23.62,0.2,81.85,84.04,3.54
606,2020-12-21 14:50:38-05:00,23.62,0.2,82.06,84.26,3.54
607,2020-12-21 15:03:36-05:00,23.62,0.2,82.25,84.46,3.54
608,2020-12-21 15:16:31-05:00,23.62,0.2,82.04,84.24,3.54
609,2020-12-21 15:29:23-05:00,23.62,0.2,82.48,84.69,3.54
610,2020-12-21 15:42:24-05:00,23.62,0.21,83.43,85.66,3.54
611,2020-12-21 15:55:21-05:00,23.62,0.2,82.57,84.78,3.54
612,2020-12-21 16:08:24-05:00,23.62,0.21,83.5,85.74,3.59
613,2020-12-21 16:21:22-05:00,23.62,0.2,82.78,85.0,3.59
614,2020-12-21 16:34:21-05:00,23.56,0.2,82.65,84.97,3.59
615,2020-12-21 16:47:24-05:00,23.56,0.2,82.79,85.11,3.59
616,2020-12-21 17:00:28-05:00,23.56,0.2,82.15,84.45,3.59
617,2020-12-21 17:13:27-05:00,23.56,0.21,83.14,85.47,3.59
618,2020-12-21 17:26:22-05:00,23.56,0.2,82.22,84.53,3.59
619,2020-12-21 17:39:18-05:00,23.5,0.2,81.88,84.28,3.59
620,2020-12-21 17:52:13-05:00,23.5,0.21,83.15,85.59,3.59
621,2020-12-21 18:05:10-05:00,23.44,0.2,83.01,85.55,3.59
622,2020-12-21 18:20:25-05:00,23.44,0.21,83.52,86.07,3.64
623,2020-12-21 18:31:18-05:00,23.44,0.21,83.27,85.82,3.64
624,2020-12-21 18:44:18-05:00,23.38,0.2,83.02,85.67,3.64
625,2020-12-21 18:57:17-05:00,23.38,0.21,83.11,85.75,3.64
626,2020-12-21 19:10:23-05:00,23.31,0.2,83.01,85.76,3.64
627,2020-12-21 19:23:34-05:00,23.31,0.2,83.07,85.82,3.64
628,2020-12-21 19:36:44-05:00,23.25,0.2,82.68,85.53,3.64
629,2020-12-21 19:50:03-05:00,23.19,0.21,83.09,86.05,3.64
630,2020-12-21 20:04:14-05:00,23.12,0.2,82.46,85.5,3.64
631,2020-12-21 20:17:22-05:00,23.12,0.2,82.34,85.38,3.64
632,2020-12-21 20:30:24-05:00,23.06,0.2,81.94,85.07,3.64
633,2020-12-21 20:43:28-05:00,23.06,0.2,82.36,85.51,3.64
634,2020-12-21 20:56:35-05:00,23.0,0.2,82.27,85.52,3.69
635,2020-12-21 21:09:42-05:00,23.0,0.2,81.64,84.86,3.69
636,2020-12-21 21:22:55-05:00,22.94,0.2,82.26,85.61,3.69
637,2020-12-21 21:36:02-05:00,22.94,0.2,81.96,85.3,3.69
638,2020-12-21 21:49:15-05:00,22.87,0.2,82.26,85.72,3.69
639,2020-12-21 22:02:25-05:00,22.87,0.2,81.86,85.3,3.69
640,2020-12-21 22:15:36-05:00,22.87,0.2,81.86,85.3,3.69
641,2020-12-21 22:28:52-05:00,23.25,0.21,83.24,86.1,3.64
642,2020-12-21 22:42:06-05:00,23.25,0.2,82.8,85.64,3.64
643,2020-12-21 22:55:19-05:00,23.19,0.2,82.95,85.91,3.64
644,2020-12-21 23:45:05-05:00,23.06,0.2,82.45,85.6,3.64
645,2020-12-21 23:55:07-05:00,23.06,0.2,82.27,85.41,3.69
646,2020-12-22 00:05:09-05:00,23.0,0.2,82.49,85.74,3.69
647,2020-12-22 00:15:11-05:00,23.0,0.2,82.16,85.4,3.69
648,2020-12-22 00:25:14-05:00,22.94,0.2,81.87,85.21,3.69
649,2020-12-22 00:35:18-05:00,22.94,0.2,82.09,85.44,3.69
650,2020-12-22 00:45:23-05:00,22.87,0.2,81.99,85.44,3.69
651,2020-12-22 00:55:28-05:00,22.87,0.2,81.93,85.38,3.69
652,2020-12-22 01:05:34-05:00,22.81,0.2,81.74,85.29,3.69
653,2020-12-22 01:15:41-05:00,22.81,0.2,82.33,85.9,3.69
654,2020-12-22 01:25:48-05:00,22.75,0.2,81.42,85.06,3.69
655,2020-12-22 01:35:55-05:00,22.75,0.2,81.25,84.88,3.69
656,2020-12-22 01:46:04-05:00,22.75,0.2,81.24,84.86,3.69
657,2020-12-22 01:56:13-05:00,22.69,0.2,81.27,85.0,3.69
658,2020-12-22 02:06:22-05:00,22.69,0.2,81.54,85.28,3.69
659,2020-12-22 02:16:32-05:00,22.69,0.2,81.79,85.55,3.69
660,2020-12-22 02:26:47-05:00,23.06,0.2,82.61,85.77,3.69
661,2020-12-22 02:37:00-05:00,23.06,0.2,82.72,85.88,3.69
662,2020-12-22 02:47:12-05:00,23.0,0.2,81.92,85.15,3.69
663,2020-12-22 02:57:25-05:00,23.0,0.2,82.27,85.52,3.69
664,2020-12-22 03:07:40-05:00,22.94,0.2,82.32,85.68,3.69
665,2020-12-22 03:17:55-05:00,22.87,0.2,82.27,85.73,3.69
666,2020-12-22 03:28:09-05:00,22.81,0.2,81.71,85.26,3.69
667,2020-12-22 03:38:24-05:00,22.81,0.2,81.71,85.26,3.69
668,2020-12-22 03:48:41-05:00,22.75,0.2,81.93,85.59,3.69
669,2020-12-22 03:58:58-05:00,22.69,0.2,81.7,85.46,3.69
670,2020-12-22 04:09:16-05:00,22.62,0.2,81.59,85.44,3.69
671,2020-12-22 04:19:35-05:00,22.62,0.2,81.2,85.04,3.69
672,2020-12-22 04:29:53-05:00,22.56,0.2,81.72,85.69,3.69
673,2020-12-22 04:40:12-05:00,22.5,0.2,80.69,84.71,3.74
674,2020-12-22 04:50:33-05:00,22.5,0.2,80.62,84.65,3.74
675,2020-12-22 05:00:55-05:00,22.44,0.2,80.19,84.3,3.74
676,2020-12-22 05:11:16-05:00,22.37,0.2,80.73,84.97,3.74
677,2020-12-22 05:21:37-05:00,22.37,0.2,80.86,85.11,3.74
678,2020-12-22 05:32:01-05:00,22.31,0.2,80.62,84.97,3.74
679,2020-12-22 05:42:24-05:00,22.31,0.2,80.23,84.55,3.74
680,2020-12-22 05:52:49-05:00,22.25,0.2,80.28,84.71,3.74
681,2020-12-22 06:03:12-05:00,22.25,0.2,80.17,84.59,3.74
682,2020-12-22 06:13:41-05:00,22.19,0.2,79.88,84.39,3.74
683,2020-12-22 06:24:06-05:00,22.19,0.2,79.74,84.25,3.74
684,2020-12-22 06:34:38-05:00,22.75,0.2,81.77,85.43,3.69
685,2020-12-22 06:45:05-05:00,22.75,0.2,81.37,85.0,3.69
686,2020-12-22 06:55:33-05:00,22.62,0.2,81.42,85.27,3.69
687,2020-12-22 07:06:01-05:00,22.56,0.2,81.58,85.54,3.69
688,2020-12-22 07:16:28-05:00,22.5,0.2,81.05,85.09,3.69
689,2020-12-22 07:26:57-05:00,22.5,0.2,81.04,85.08,3.69
690,2020-12-22 07:37:28-05:00,22.44,0.2,80.97,85.11,3.69
691,2020-12-22 07:47:57-05:00,22.37,0.2,80.62,84.86,3.69
692,2020-12-22 07:58:29-05:00,22.37,0.2,80.87,85.12,3.69
693,2020-12-22 08:09:02-05:00,22.31,0.2,80.74,85.09,3.74
694,2020-12-22 08:19:34-05:00,22.25,0.2,80.58,85.03,3.74
695,2020-12-22 08:30:06-05:00,22.25,0.2,81.18,85.66,3.74
696,2020-12-22 08:40:42-05:00,22.25,0.2,80.25,84.68,3.74
697,2020-12-22 08:51:17-05:00,22.19,0.2,80.3,84.84,3.74
698,2020-12-22 09:01:52-05:00,22.19,0.2,80.24,84.78,3.74
699,2020-12-22 09:12:29-05:00,22.19,0.2,80.0,84.52,3.74
700,2020-12-22 09:23:07-05:00,22.13,0.2,79.72,84.33,3.74
701,2020-12-22 09:33:45-05:00,22.13,0.2,80.12,84.75,3.74
702,2020-12-22 09:44:25-05:00,22.13,0.2,79.71,84.32,3.74
703,2020-12-22 09:55:04-05:00,22.06,0.2,80.24,84.99,3.74
704,2020-12-22 10:05:42-05:00,22.06,0.2,80.06,84.8,3.74
705,2020-12-22 10:16:23-05:00,22.06,0.2,80.17,84.91,3.74
706,2020-12-22 10:27:05-05:00,22.06,0.2,79.31,84.0,3.74
707,2020-12-22 10:37:49-05:00,22.62,0.2,81.93,85.8,3.69
708,2020-12-22 10:48:29-05:00,22.56,0.2,80.68,84.6,3.69
709,2020-12-22 10:59:13-05:00,22.56,0.2,80.5,84.41,3.69
710,2020-12-22 11:09:56-05:00,22.5,0.2,80.43,84.44,3.69
711,2020-12-22 11:20:40-05:00,22.44,0.2,80.33,84.45,3.69
712,2020-12-22 11:31:24-05:00,22.44,0.2,79.88,83.97,3.69
713,2020-12-22 11:42:09-05:00,22.37,0.2,80.62,84.86,3.69
714,2020-12-22 11:52:53-05:00,22.37,0.2,79.78,83.98,3.69
715,2020-12-22 12:03:40-05:00,22.37,0.2,80.13,84.34,3.69
716,2020-12-22 12:14:33-05:00,22.37,0.2,80.38,84.6,3.69
717,2020-12-22 12:25:24-05:00,22.31,0.2,79.84,84.14,3.74
718,2020-12-22 12:36:23-05:00,22.37,0.2,79.3,83.47,3.69
719,2020-12-22 12:47:20-05:00,22.31,0.2,79.85,84.15,3.69
720,2020-12-22 12:58:12-05:00,22.37,0.2,79.3,83.47,3.74
721,2020-12-22 13:09:04-05:00,22.37,0.2,79.9,84.1,3.74
722,2020-12-22 13:20:16-05:00,22.37,0.2,80.24,84.46,3.74
723,2020-12-22 13:31:11-05:00,22.37,0.2,79.69,83.88,3.74
724,2020-12-22 13:42:03-05:00,22.37,0.2,79.81,84.0,3.74
725,2020-12-22 13:53:09-05:00,22.37,0.2,80.12,84.33,3.74
726,2020-12-22 14:04:12-05:00,22.44,0.2,79.55,83.62,3.74
727,2020-12-22 14:15:10-05:00,22.44,0.2,79.56,83.63,3.74
728,2020-12-22 14:26:09-05:00,22.5,0.2,81.17,85.22,3.64
729,2020-12-22 14:37:26-05:00,22.56,0.2,81.64,85.6,3.33
730,2020-12-22 14:48:33-05:00,22.62,0.2,81.92,85.79,3.33
731,2020-12-22 14:59:31-05:00,22.62,0.2,81.86,85.72,3.33
732,2020-12-22 15:10:30-05:00,22.62,0.2,81.85,85.71,3.33
733,2020-12-22 15:21:33-05:00,22.69,0.2,81.76,85.52,3.33
734,2020-12-22 15:32:31-05:00,22.69,0.2,81.58,85.33,3.33
735,2020-12-22 15:43:31-05:00,22.69,0.2,82.25,86.03,3.35
736,2020-12-22 15:54:30-05:00,22.69,0.2,82.1,85.88,3.33
737,2020-12-22 16:05:35-05:00,22.75,0.2,82.11,85.78,3.33
738,2020-12-22 16:16:38-05:00,22.75,0.2,81.87,85.52,3.33
739,2020-12-22 16:27:39-05:00,22.75,0.2,81.91,85.57,3.33
740,2020-12-22 16:38:44-05:00,22.75,0.2,82.04,85.71,3.33
741,2020-12-22 16:49:51-05:00,22.75,0.2,82.37,86.05,3.33
742,2020-12-22 17:00:53-05:00,22.75,0.2,82.58,86.27,3.33
743,2020-12-22 17:12:02-05:00,22.75,0.2,82.24,85.91,3.33
744,2020-12-22 17:23:05-05:00,22.75,0.2,82.16,85.82,3.33
745,2020-12-22 17:34:09-05:00,22.75,0.2,82.29,85.96,3.33
746,2020-12-22 17:45:14-05:00,22.75,0.2,82.51,86.19,3.33
747,2020-12-22 17:56:20-05:00,22.75,0.2,82.23,85.9,3.74
748,2020-12-22 18:07:55-05:00,22.75,0.2,82.25,85.92,3.74
749,2020-12-22 18:19:01-05:00,22.69,0.2,82.05,85.82,3.74
750,2020-12-22 18:30:08-05:00,22.69,0.2,82.58,86.37,3.74
751,2020-12-22 18:41:19-05:00,22.5,0.2,81.29,85.34,3.69
752,2020-12-22 18:52:31-05:00,22.5,0.2,81.78,85.86,3.33
753,2020-12-22 19:03:39-05:00,22.5,0.2,81.7,85.78,3.33
754,2020-12-22 19:14:48-05:00,22.44,0.2,81.28,85.44,3.33
755,2020-12-22 19:25:57-05:00,22.44,0.2,82.0,86.2,3.33
756,2020-12-22 19:37:10-05:00,22.44,0.2,81.67,85.85,3.33
757,2020-12-22 19:48:21-05:00,22.44,0.2,81.41,85.58,3.33
758,2020-12-22 19:59:33-05:00,22.37,0.2,81.6,85.88,3.33
759,2020-12-22 20:10:47-05:00,22.37,0.2,80.62,84.86,3.33
760,2020-12-22 20:22:02-05:00,22.37,0.2,81.5,85.78,3.33
761,2020-12-22 20:33:16-05:00,22.37,0.2,81.45,85.73,3.33
762,2020-12-22 20:44:30-05:00,22.31,0.2,81.55,85.93,3.33
763,2020-12-22 20:55:44-05:00,22.31,0.2,81.45,85.84,3.33
764,2020-12-22 21:07:02-05:00,22.31,0.2,81.24,85.61,3.33
765,2020-12-22 21:18:18-05:00,22.31,0.2,81.15,85.52,3.33
766,2020-12-22 21:29:35-05:00,22.25,0.2,81.76,86.27,3.33
767,2020-12-22 21:40:54-05:00,22.25,0.2,81.48,85.98,3.33
768,2020-12-22 21:52:16-05:00,22.25,0.2,80.81,85.27,3.33
769,2020-12-22 22:03:40-05:00,22.25,0.2,81.65,86.15,3.74
770,2020-12-22 22:15:07-05:00,22.19,0.2,80.84,85.41,3.74
771,2020-12-22 22:26:36-05:00,22.19,0.2,80.92,85.5,3.74
772,2020-12-22 22:38:08-05:00,22.37,0.2,81.58,85.86,3.38
773,2020-12-22 22:49:37-05:00,22.37,0.2,80.7,84.94,3.38
774,2020-12-22 23:01:06-05:00,22.37,0.2,80.97,85.22,3.38
775,2020-12-22 23:12:34-05:00,22.31,0.2,81.13,85.5,3.38
776,2020-12-22 23:24:05-05:00,22.31,0.2,81.2,85.58,3.38
777,2020-12-22 23:35:33-05:00,22.25,0.2,81.79,86.3,3.38
778,2020-12-22 23:47:05-05:00,22.25,0.2,81.23,85.7,3.38
779,2020-12-22 23:58:34-05:00,22.25,0.2,81.62,86.12,3.38
780,2020-12-23 00:10:11-05:00,22.25,0.2,81.46,85.96,3.79
781,2020-12-23 00:21:43-05:00,22.19,0.2,80.97,85.54,3.79
782,2020-12-23 00:33:33-05:00,22.19,0.2,80.68,85.23,3.79
783,2020-12-23 00:45:04-05:00,22.19,0.2,80.8,85.36,3.79
784,2020-12-23 00:56:35-05:00,22.13,0.2,80.51,85.17,3.84
785,2020-12-23 01:08:04-05:00,22.13,0.2,80.59,85.25,3.43
786,2020-12-23 01:19:36-05:00,22.06,0.2,79.97,84.7,3.79
787,2020-12-23 01:31:08-05:00,22.06,0.2,81.07,85.86,3.43
788,2020-12-23 01:42:38-05:00,22.06,0.2,80.65,85.42,3.43
789,2020-12-23 01:54:08-05:00,22.0,0.2,80.72,85.6,3.43
790,2020-12-23 02:05:39-05:00,22.0,0.2,80.46,85.33,3.43
791,2020-12-23 02:17:12-05:00,22.0,0.2,80.51,85.38,3.43
792,2020-12-23 02:28:44-05:00,22.0,0.2,80.5,85.37,3.43
793,2020-12-23 02:40:20-05:00,22.25,0.2,81.02,85.49,3.38
794,2020-12-23 02:51:54-05:00,22.25,0.2,81.18,85.66,3.38
795,2020-12-23 03:03:28-05:00,22.25,0.2,81.27,85.75,3.38
796,2020-12-23 03:15:04-05:00,22.19,0.2,80.95,85.52,3.38
797,2020-12-23 03:26:40-05:00,22.13,0.2,81.06,85.75,3.38
798,2020-12-23 03:38:16-05:00,22.13,0.2,81.0,85.68,3.38
799,2020-12-23 03:49:52-05:00,22.06,0.2,80.8,85.58,3.38
800,2020-12-23 04:01:30-05:00,22.0,0.2,81.07,85.97,3.38
801,2020-12-23 04:13:08-05:00,22.0,0.2,80.51,85.38,3.38
802,2020-12-23 04:24:46-05:00,21.94,0.2,80.7,85.69,3.38
803,2020-12-23 04:36:26-05:00,21.87,0.2,80.36,85.43,3.38
804,2020-12-23 04:48:06-05:00,21.87,0.2,80.03,85.09,3.38
805,2020-12-23 04:59:48-05:00,21.81,0.2,79.97,85.13,3.38
806,2020-12-23 05:11:32-05:00,21.81,0.2,80.74,85.95,3.38
807,2020-12-23 05:23:19-05:00,21.75,0.2,80.11,85.38,3.79
808,2020-12-23 05:35:01-05:00,21.69,0.2,80.08,85.46,3.79
809,2020-12-23 05:46:44-05:00,21.69,0.2,80.11,85.49,3.79
810,2020-12-23 05:58:28-05:00,21.69,0.2,79.78,85.15,3.79
811,2020-12-23 06:10:12-05:00,21.62,0.2,80.3,85.81,3.84
812,2020-12-23 06:21:57-05:00,21.62,0.2,79.66,85.13,3.84
813,2020-12-23 06:33:43-05:00,21.62,0.2,79.41,84.86,3.84
814,2020-12-23 06:45:31-05:00,22.06,0.2,82.45,87.32,3.74
815,2020-12-23 06:57:18-05:00,22.0,0.2,81.01,85.91,3.79
816,2020-12-23 07:09:06-05:00,21.94,0.2,80.73,85.72,3.38
817,2020-12-23 07:20:54-05:00,21.87,0.2,80.15,85.21,3.38
818,2020-12-23 07:32:42-05:00,21.81,0.2,80.21,85.39,3.38
819,2020-12-23 07:44:32-05:00,21.75,0.2,80.13,85.41,3.38
820,2020-12-23 07:56:21-05:00,21.75,0.2,80.41,85.7,3.38
821,2020-12-23 08:08:12-05:00,21.69,0.2,79.74,85.11,3.38
822,2020-12-23 08:20:03-05:00,21.62,0.2,79.58,85.04,3.38
823,2020-12-23 08:31:55-05:00,21.62,0.2,79.63,85.09,3.38
824,2020-12-23 08:43:47-05:00,21.56,0.2,79.53,85.09,3.38
825,2020-12-23 08:55:40-05:00,21.56,0.2,79.6,85.17,3.38
826,2020-12-23 09:07:33-05:00,21.5,0.2,79.41,85.08,3.38
827,2020-12-23 09:19:28-05:00,21.5,0.2,79.65,85.33,3.38
828,2020-12-23 09:31:22-05:00,21.5,0.2,79.59,85.27,3.38
829,2020-12-23 09:43:18-05:00,21.5,0.2,79.76,85.45,3.38
830,2020-12-23 09:55:14-05:00,21.44,0.19,79.07,84.82,3.38
831,2020-12-23 10:07:10-05:00,21.44,0.19,79.13,84.89,3.38
832,2020-12-23 10:19:09-05:00,21.44,0.2,79.42,85.2,3.38
833,2020-12-23 10:31:11-05:00,21.44,0.19,79.19,84.95,3.38
834,2020-12-23 10:43:11-05:00,21.5,0.2,79.55,85.22,3.74
835,2020-12-23 10:53:11-05:00,20.31,0.2,80.11,87.95,3.79
836,2020-12-23 11:03:13-05:00,20.37,0.2,79.98,87.7,3.79
837,2020-12-23 11:13:14-05:00,20.44,0.2,80.78,88.45,3.79
838,2020-12-23 11:23:17-05:00,20.56,0.2,80.9,88.36,3.38
839,2020-12-23 11:34:15-05:00,20.62,0.2,80.81,88.14,3.38
840,2020-12-23 11:46:20-05:00,20.69,0.2,80.89,88.12,3.38
841,2020-12-23 11:58:26-05:00,20.81,0.2,81.46,88.51,3.38
842,2020-12-23 12:10:30-05:00,20.88,0.2,81.93,88.9,3.38
843,2020-12-23 12:22:40-05:00,20.94,0.2,81.72,88.56,3.38
844,2020-12-23 12:34:44-05:00,21.0,0.2,82.11,88.87,3.38
845,2020-12-23 12:46:52-05:00,21.12,0.2,82.36,88.91,3.38
846,2020-12-23 12:58:59-05:00,21.19,0.2,82.59,89.04,3.38
847,2020-12-23 13:11:06-05:00,21.25,0.2,83.01,89.38,3.38
848,2020-12-23 13:23:18-05:00,21.31,0.2,82.93,89.18,3.38
849,2020-12-23 13:35:33-05:00,21.44,0.21,83.47,89.52,3.38
850,2020-12-23 13:47:42-05:00,21.5,0.21,83.39,89.32,3.38
851,2020-12-23 14:00:10-05:00,21.56,0.21,83.46,89.29,3.38
852,2020-12-23 14:12:22-05:00,21.62,0.21,83.25,88.95,3.38
853,2020-12-23 14:24:32-05:00,21.69,0.21,83.53,89.14,3.38
854,2020-12-23 14:36:46-05:00,21.75,0.21,83.76,89.26,3.38
855,2020-12-23 14:49:02-05:00,20.44,0.2,80.12,87.73,3.38
856,2020-12-23 15:01:14-05:00,20.62,0.2,80.5,87.81,3.38
857,2020-12-23 15:13:27-05:00,20.75,0.2,80.72,87.81,3.38
858,2020-12-23 15:25:42-05:00,20.88,0.2,81.28,88.19,3.38
859,2020-12-23 15:37:57-05:00,21.0,0.2,81.68,88.4,3.38
860,2020-12-23 15:50:12-05:00,21.12,0.2,82.3,88.84,3.38
861,2020-12-23 16:02:29-05:00,21.25,0.2,82.46,88.78,3.79
862,2020-12-23 16:14:52-05:00,21.37,0.2,83.05,89.18,3.38
863,2020-12-23 16:27:10-05:00,21.44,0.2,82.68,88.68,3.79
864,2020-12-23 16:39:28-05:00,21.5,0.21,83.22,89.15,3.38
865,2020-12-23 16:51:46-05:00,21.56,0.21,83.43,89.25,3.79
866,2020-12-23 17:04:05-05:00,21.62,0.21,83.62,89.35,3.79
867,2020-12-23 17:16:24-05:00,21.69,0.21,83.45,89.05,3.79
868,2020-12-23 17:28:44-05:00,21.75,0.21,83.53,89.02,3.79
869,2020-12-23 17:41:05-05:00,21.81,0.21,83.87,89.27,3.79
870,2020-12-23 17:53:27-05:00,21.87,0.21,84.11,89.41,3.84
871,2020-12-23 18:06:02-05:00,21.87,0.21,84.44,89.76,3.84
872,2020-12-23 18:18:48-05:00,21.94,0.21,84.45,89.66,3.84
873,2020-12-23 18:31:15-05:00,22.0,0.21,84.55,89.66,3.43
874,2020-12-23 18:43:38-05:00,22.0,0.21,84.67,89.78,3.84
875,2020-12-23 18:56:08-05:00,20.62,0.2,81.02,88.37,3.79
876,2020-12-23 19:08:34-05:00,20.75,0.2,81.29,88.43,3.79
877,2020-12-23 19:21:00-05:00,20.88,0.2,81.49,88.43,3.79
878,2020-12-23 19:33:27-05:00,21.0,0.2,81.83,88.56,3.84
879,2020-12-23 19:45:53-05:00,21.06,0.2,82.76,89.45,3.43
880,2020-12-23 19:58:23-05:00,21.12,0.2,82.2,88.73,3.43
881,2020-12-23 20:10:54-05:00,21.25,0.21,83.09,89.46,3.43
882,2020-12-23 20:23:26-05:00,21.31,0.21,83.14,89.4,3.43
883,2020-12-23 20:35:57-05:00,21.37,0.21,83.53,89.7,3.43
884,2020-12-23 20:48:28-05:00,21.44,0.21,83.31,89.36,3.43
885,2020-12-23 21:01:01-05:00,21.5,0.21,83.24,89.17,3.43
886,2020-12-23 21:13:37-05:00,21.5,0.21,83.28,89.21,3.43
887,2020-12-23 21:26:13-05:00,21.56,0.21,83.84,89.69,3.43
888,2020-12-23 21:38:49-05:00,21.56,0.21,83.68,89.52,3.43
889,2020-12-23 21:51:25-05:00,21.62,0.21,83.41,89.12,3.43
890,2020-12-23 22:04:02-05:00,21.62,0.21,84.31,90.08,3.43
891,2020-12-23 22:16:40-05:00,21.69,0.21,83.8,89.42,3.43
892,2020-12-23 22:29:17-05:00,21.69,0.21,83.82,89.44,3.43
893,2020-12-23 22:41:56-05:00,21.69,0.21,83.5,89.1,3.43
894,2020-12-23 22:54:42-05:00,20.69,0.2,81.07,88.31,3.43
895,2020-12-23 23:07:27-05:00,20.75,0.2,81.08,88.21,3.43
896,2020-12-23 23:20:09-05:00,20.81,0.2,81.65,88.71,3.43
898,2020-12-25 21:25:17-05:00,22.37,0.22,87.43,92.01,3.43
899,2020-12-25 21:37:38-05:00,22.37,0.22,87.34,91.91,3.84
900,2020-12-25 21:49:59-05:00,22.37,0.22,87.05,91.61,3.49
901,2020-12-25 22:02:20-05:00,22.37,0.22,87.09,91.64,3.49
902,2020-12-25 22:14:41-05:00,22.37,0.22,87.25,91.82,3.49
903,2020-12-25 22:27:02-05:00,22.37,0.22,87.71,92.3,3.89
904,2020-12-25 22:39:23-05:00,22.37,0.22,87.72,92.31,3.49
905,2020-12-25 22:51:44-05:00,22.37,0.22,87.8,92.4,3.89
906,2020-12-25 23:04:05-05:00,22.13,0.21,86.63,91.63,3.49
907,2020-12-25 23:16:27-05:00,21.75,0.21,86.43,92.1,3.43
908,2020-12-25 23:28:48-05:00,21.62,0.21,85.93,91.81,3.43
909,2020-12-25 23:41:09-05:00,21.62,0.21,86.18,92.07,3.49
910,2020-12-25 23:53:30-05:00,21.62,0.21,85.93,91.81,3.49
911,2020-12-26 00:05:51-05:00,21.62,0.21,85.41,91.25,3.49
912,2020-12-26 00:18:12-05:00,21.62,0.21,86.0,91.88,3.49
913,2020-12-26 00:30:33-05:00,21.62,0.21,85.56,91.41,3.43
914,2020-12-26 00:42:54-05:00,21.62,0.21,85.76,91.62,3.49
915,2020-12-26 00:55:16-05:00,21.62,0.21,85.78,91.64,3.49
916,2020-12-26 01:07:37-05:00,21.62,0.21,85.76,91.62,3.89
917,2020-12-26 01:19:58-05:00,21.62,0.21,85.68,91.53,3.54
918,2020-12-26 01:32:19-05:00,21.62,0.21,85.88,91.75,3.94
919,2020-12-26 01:44:40-05:00,21.62,0.21,86.05,91.93,3.94
920,2020-12-26 01:57:01-05:00,21.31,0.21,84.94,91.33,3.49
921,2020-12-26 02:09:22-05:00,20.75,0.21,84.75,92.18,3.49
922,2020-12-26 02:21:44-05:00,20.62,0.21,84.12,91.74,3.49
923,2020-12-26 02:34:05-05:00,20.56,0.21,84.13,91.87,3.89
924,2020-12-26 02:46:26-05:00,20.62,0.21,83.84,91.43,3.49
925,2020-12-26 02:58:47-05:00,20.62,0.21,84.3,91.94,3.89
926,2020-12-26 03:11:08-05:00,20.62,0.21,84.52,92.17,3.89
927,2020-12-26 03:23:29-05:00,20.62,0.21,84.25,91.88,3.54
928,2020-12-26 03:35:50-05:00,20.56,0.21,84.07,91.8,3.54
929,2020-12-26 03:48:11-05:00,20.62,0.21,84.37,92.01,3.54
930,2020-12-26 04:00:32-05:00,20.62,0.21,84.36,91.99,3.54
931,2020-12-26 04:12:53-05:00,20.62,0.21,84.54,92.2,3.94
932,2020-12-26 04:25:14-05:00,20.62,0.21,84.38,92.02,4.0
933,2020-12-26 04:37:35-05:00,20.62,0.21,83.87,91.47,3.54
934,2020-12-26 04:49:57-05:00,20.56,0.21,84.17,91.91,3.54
935,2020-12-26 05:02:18-05:00,20.31,0.21,83.54,91.7,3.89
965,2020-12-26 11:12:51-05:00,20.12,0.21,84.61,93.24,3.54
966,2020-12-26 11:25:13-05:00,20.31,0.21,84.48,92.73,3.89
967,2020-12-26 11:37:34-05:00,20.37,0.21,84.69,92.83,3.54
968,2020-12-26 11:49:56-05:00,20.44,0.21,85.05,93.11,3.89
969,2020-12-26 12:02:17-05:00,20.5,0.21,84.77,92.68,3.94
970,2020-12-26 12:14:38-05:00,20.56,0.21,85.16,92.99,3.54
971,2020-12-26 12:26:59-05:00,20.62,0.21,85.01,92.7,3.54
972,2020-12-26 12:39:20-05:00,20.69,0.21,85.36,92.96,3.54
973,2020-12-26 12:51:41-05:00,20.75,0.21,85.88,93.41,3.59
974,2020-12-26 13:04:02-05:00,20.75,0.21,85.41,92.9,3.94
975,2020-12-26 13:16:23-05:00,20.81,0.21,85.04,92.38,3.54
976,2020-12-26 13:28:45-05:00,20.81,0.21,85.61,93.0,3.94
977,2020-12-26 13:41:06-05:00,20.88,0.22,87.28,94.68,3.54
978,2020-12-26 13:53:27-05:00,21.31,0.22,87.01,93.55,3.54
979,2020-12-26 14:05:48-05:00,21.44,0.22,87.94,94.3,3.89
980,2020-12-26 14:18:09-05:00,21.94,0.22,88.3,93.73,3.54
981,2020-12-26 14:30:30-05:00,22.13,0.22,88.0,93.07,3.49
982,2020-12-26 14:42:51-05:00,22.19,0.22,88.5,93.48,3.54
983,2020-12-26 14:55:12-05:00,22.31,0.22,88.34,93.08,3.89
984,2020-12-26 15:07:33-05:00,22.37,0.22,88.5,93.13,3.54
985,2020-12-26 15:19:54-05:00,22.44,0.22,88.76,93.29,3.54
986,2020-12-26 15:32:16-05:00,22.5,0.22,88.72,93.13,3.54
987,2020-12-26 15:44:37-05:00,22.56,0.22,88.47,92.75,3.54
988,2020-12-26 15:56:58-05:00,22.62,0.22,88.37,92.53,3.49
989,2020-12-26 16:09:19-05:00,22.69,0.22,88.53,92.59,3.89
990,2020-12-26 16:21:40-05:00,22.75,0.22,88.73,92.68,3.54
991,2020-12-26 16:34:01-05:00,22.75,0.22,89.24,93.21,3.49
992,2020-12-26 16:46:22-05:00,23.12,0.22,89.67,92.97,3.49
993,2020-12-26 16:58:43-05:00,23.25,0.22,89.96,93.04,3.89
994,2020-12-26 17:11:04-05:00,23.56,0.22,89.73,92.24,3.49
995,2020-12-26 17:23:25-05:00,23.56,0.22,89.88,92.39,3.43
996,2020-12-26 17:35:46-05:00,23.62,0.22,89.25,91.64,3.84
997,2020-12-26 17:48:08-05:00,23.62,0.22,89.3,91.69,3.84
998,2020-12-26 18:00:29-05:00,23.56,0.22,89.66,92.17,3.43
999,2020-12-26 18:12:50-05:00,23.62,0.22,89.61,92.0,3.89
1000,2020-12-26 18:25:11-05:00,23.56,0.22,89.08,91.57,3.49
1001,2020-12-26 19:02:13-05:00,23.56,0.22,89.59,92.1,3.49
1002,2020-12-26 19:14:34-05:00,23.56,0.22,89.41,91.91,3.49
1003,2020-12-26 19:26:55-05:00,23.56,0.22,89.74,92.25,3.49
1004,2020-12-26 19:39:16-05:00,23.56,0.22,89.73,92.24,3.54
1005,2020-12-26 19:51:37-05:00,23.38,0.22,89.1,91.93,3.54
1006,2020-12-26 20:03:58-05:00,23.12,0.22,88.85,92.12,3.89
1007,2020-12-26 20:16:20-05:00,23.0,0.22,88.49,91.98,3.43
1008,2020-12-26 20:28:41-05:00,23.0,0.22,88.56,92.05,3.49
1009,2020-12-26 20:41:02-05:00,23.0,0.22,88.75,92.24,3.49
1010,2020-12-26 20:53:23-05:00,22.94,0.22,88.21,91.79,3.49
1011,2020-12-26 21:05:44-05:00,22.94,0.22,88.49,92.09,3.54
1012,2020-12-26 21:18:05-05:00,23.0,0.22,89.0,92.5,3.54
1013,2020-12-26 21:30:26-05:00,23.0,0.22,88.89,92.39,3.89
1014,2020-12-26 21:42:47-05:00,22.94,0.22,88.8,92.41,3.54
1015,2020-12-26 21:55:08-05:00,22.94,0.22,89.1,92.72,3.54
1016,2020-12-26 22:07:29-05:00,22.94,0.22,89.17,92.79,3.54
1017,2020-12-26 22:19:50-05:00,22.94,0.22,89.21,92.83,3.54
1018,2020-12-26 22:32:12-05:00,22.94,0.22,89.5,93.13,3.49
1019,2020-12-26 22:44:33-05:00,22.56,0.21,86.28,90.46,3.49
1020,2020-12-26 22:56:54-05:00,22.19,0.22,88.25,93.21,3.43
1021,2020-12-26 23:09:15-05:00,22.0,0.22,88.07,93.38,3.49
1022,2020-12-26 23:21:36-05:00,21.87,0.22,87.87,93.39,3.49
1023,2020-12-26 23:33:57-05:00,21.94,0.22,88.04,93.46,3.84
1024,2020-12-26 23:46:18-05:00,21.87,0.22,88.04,93.58,3.49
1025,2020-12-26 23:58:39-05:00,21.87,0.22,88.08,93.62,3.89
1026,2020-12-27 00:11:01-05:00,21.87,0.22,87.97,93.5,3.54
1027,2020-12-27 00:23:22-05:00,21.87,0.22,87.45,92.95,3.54
1028,2020-12-27 00:35:43-05:00,21.87,0.22,87.94,93.47,3.54
1029,2020-12-27 00:48:04-05:00,21.87,0.22,87.95,93.48,3.54
1030,2020-12-27 01:00:25-05:00,21.87,0.22,87.95,93.48,3.54
1031,2020-12-27 01:12:46-05:00,21.87,0.22,87.85,93.37,3.54
1032,2020-12-27 01:25:07-05:00,21.87,0.22,88.15,93.7,3.54
1033,2020-12-27 01:37:28-05:00,21.87,0.22,88.57,94.15,3.54
1034,2020-12-27 01:49:49-05:00,21.62,0.21,86.85,92.78,3.54
1035,2020-12-27 02:02:10-05:00,21.31,0.22,87.45,94.01,3.49
1036,2020-12-27 02:14:31-05:00,21.12,0.22,87.22,94.13,3.49
1037,2020-12-27 02:26:53-05:00,21.12,0.22,87.03,93.93,3.94
1038,2020-12-27 02:39:14-05:00,21.12,0.21,86.75,93.62,3.89
1039,2020-12-27 02:51:35-05:00,21.12,0.21,86.91,93.8,3.54
1040,2020-12-27 03:03:56-05:00,21.12,0.21,86.72,93.59,3.94
1041,2020-12-27 03:16:17-05:00,21.12,0.21,86.75,93.62,3.54
1042,2020-12-27 03:28:38-05:00,21.12,0.21,86.88,93.77,3.54
1043,2020-12-27 03:40:59-05:00,21.12,0.22,87.16,94.06,4.0
1044,2020-12-27 03:53:20-05:00,21.12,0.22,87.41,94.34,3.59
1045,2020-12-27 04:05:42-05:00,21.12,0.22,87.09,93.99,4.0
1046,2020-12-27 04:18:03-05:00,21.12,0.22,89.57,96.66,3.64
1047,2020-12-27 04:30:24-05:00,21.12,0.22,87.3,94.22,3.59
1048,2020-12-27 04:42:45-05:00,20.81,0.21,85.58,92.97,3.59
1049,2020-12-27 04:55:06-05:00,20.19,0.21,84.95,93.49,3.54
1058,2020-12-27 06:46:16-05:00,20.06,0.21,84.96,93.75,4.0
1062,2020-12-27 07:35:41-05:00,20.06,0.21,85.34,94.15,3.54
1078,2020-12-27 10:53:19-05:00,20.25,0.21,86.26,94.8,3.89
1079,2020-12-27 11:05:40-05:00,20.31,0.21,85.87,94.25,3.94
1080,2020-12-27 11:18:01-05:00,20.37,0.21,86.29,94.59,3.49
1081,2020-12-27 11:30:22-05:00,20.44,0.21,86.53,94.72,3.94
1082,2020-12-27 11:42:43-05:00,20.5,0.21,86.34,94.4,3.94
1083,2020-12-27 11:55:04-05:00,20.56,0.21,86.25,94.18,3.59
1084,2020-12-27 12:07:25-05:00,20.56,0.21,86.35,94.29,3.59
1085,2020-12-27 12:19:47-05:00,20.62,0.21,86.55,94.38,3.59
1086,2020-12-27 12:32:08-05:00,20.62,0.21,86.32,94.13,4.0
1087,2020-12-27 12:44:29-05:00,20.69,0.21,86.8,94.52,4.0
1088,2020-12-27 12:56:50-05:00,20.75,0.21,86.08,93.62,4.0
1089,2020-12-27 13:09:11-05:00,20.75,0.21,86.84,94.45,4.0
1090,2020-12-27 13:21:32-05:00,20.81,0.22,87.59,95.14,3.59
1091,2020-12-27 13:33:53-05:00,21.12,0.22,87.93,94.89,3.94
1092,2020-12-27 13:46:14-05:00,21.37,0.22,88.36,94.87,3.54
1093,2020-12-27 13:58:36-05:00,21.75,0.22,88.36,94.15,3.54
1094,2020-12-27 14:10:57-05:00,22.0,0.22,88.36,93.68,3.54
1095,2020-12-27 14:23:18-05:00,22.19,0.22,88.96,93.97,3.54
1096,2020-12-27 14:35:39-05:00,22.37,0.22,88.83,93.48,3.54
1097,2020-12-27 14:48:00-05:00,22.5,0.22,89.13,93.56,3.94
1098,2020-12-27 15:00:21-05:00,22.62,0.22,89.49,93.7,4.0
1099,2020-12-27 15:12:42-05:00,22.75,0.22,89.07,93.03,4.0
1100,2020-12-27 15:25:03-05:00,22.87,0.22,89.33,93.08,3.59
1101,2020-12-27 15:37:24-05:00,23.0,0.22,89.31,92.83,4.0
1102,2020-12-27 15:49:45-05:00,23.06,0.22,89.55,92.96,4.0
1103,2020-12-27 16:02:06-05:00,23.12,0.22,89.8,93.1,4.0
1104,2020-12-27 16:14:27-05:00,23.19,0.23,90.83,94.05,4.0
1105,2020-12-27 16:26:49-05:00,23.56,0.23,91.12,93.66,3.49
1106,2020-12-27 16:39:10-05:00,23.75,0.23,91.66,93.88,3.84
1107,2020-12-27 16:51:31-05:00,24.12,0.23,91.47,93.01,3.43
1108,2020-12-27 17:03:52-05:00,24.31,0.23,91.71,92.92,3.5
1109,2020-12-27 17:16:13-05:00,24.37,0.23,92.37,93.48,3.49
1110,2020-12-27 17:28:34-05:00,24.37,0.23,92.27,93.38,3.89
1111,2020-12-27 17:40:55-05:00,24.37,0.23,92.31,93.42,3.49
1112,2020-12-27 17:53:16-05:00,24.44,0.23,92.18,93.17,3.54
1113,2020-12-27 18:05:37-05:00,24.44,0.23,92.59,93.58,3.54
1114,2020-12-27 18:17:58-05:00,24.44,0.23,92.34,93.34,3.94
1115,2020-12-27 18:30:19-05:00,24.44,0.23,92.42,93.41,3.54
1116,2020-12-27 18:42:40-05:00,24.44,0.23,92.32,93.32,3.94
1117,2020-12-27 18:55:01-05:00,24.44,0.23,92.71,93.71,3.94
1118,2020-12-27 19:07:23-05:00,24.44,0.23,92.23,93.22,3.94
1119,2020-12-27 19:19:44-05:00,24.44,0.23,93.29,94.3,3.94
1120,2020-12-27 19:32:05-05:00,24.5,0.23,92.53,93.41,3.54
1121,2020-12-27 19:44:26-05:00,24.19,0.23,91.74,93.17,3.94
1122,2020-12-27 19:56:47-05:00,23.94,0.23,90.86,92.72,3.49
1123,2020-12-27 20:09:08-05:00,23.69,0.23,91.06,93.37,3.54
1124,2020-12-27 20:21:29-05:00,23.69,0.23,91.1,93.41,3.89
1125,2020-12-27 20:33:50-05:00,23.69,0.22,90.69,92.99,3.49
1126,2020-12-27 20:46:12-05:00,23.69,0.22,90.71,93.02,3.54
1127,2020-12-27 20:58:33-05:00,23.69,0.23,91.17,93.49,3.49
1128,2020-12-27 21:10:54-05:00,23.69,0.23,90.76,93.07,3.54
1129,2020-12-27 21:23:15-05:00,23.69,0.22,90.73,93.04,3.94
1130,2020-12-27 21:35:36-05:00,23.62,0.23,91.16,93.59,3.94
1131,2020-12-27 21:47:57-05:00,23.69,0.23,90.92,93.24,3.94
1132,2020-12-27 22:00:18-05:00,23.62,0.23,90.92,93.35,4.0
1133,2020-12-27 22:12:39-05:00,23.62,0.22,90.58,93.0,3.59
1134,2020-12-27 22:25:01-05:00,23.62,0.23,91.74,94.19,3.94
1135,2020-12-27 22:37:22-05:00,23.25,0.22,90.1,93.19,3.54
1136,2020-12-27 22:49:43-05:00,22.94,0.22,89.99,93.64,3.49
1137,2020-12-27 23:02:04-05:00,22.69,0.22,89.04,93.11,3.89
1138,2020-12-27 23:14:25-05:00,22.62,0.22,89.32,93.53,3.89
1139,2020-12-27 23:26:46-05:00,22.62,0.22,89.42,93.62,3.54
1140,2020-12-27 23:39:07-05:00,22.62,0.22,89.48,93.69,3.89
1141,2020-12-27 23:51:28-05:00,22.62,0.22,89.24,93.44,3.54
1142,2020-12-28 00:03:50-05:00,22.62,0.22,89.17,93.37,3.89
1143,2020-12-28 00:16:11-05:00,22.62,0.22,89.86,94.08,3.94
1144,2020-12-28 00:28:32-05:00,22.62,0.22,89.85,94.07,3.54
1145,2020-12-28 00:40:53-05:00,22.62,0.22,89.59,93.81,3.54
1146,2020-12-28 00:53:14-05:00,22.62,0.22,89.17,93.37,3.94
1147,2020-12-28 01:05:35-05:00,22.56,0.22,90.02,94.37,3.94
1148,2020-12-28 01:17:56-05:00,22.56,0.22,89.33,93.65,4.0
1149,2020-12-28 01:30:18-05:00,22.56,0.22,89.19,93.5,3.54
1150,2020-12-28 01:42:39-05:00,22.13,0.22,88.36,93.45,3.89
1151,2020-12-28 01:55:00-05:00,21.56,0.22,88.3,94.45,3.54
1152,2020-12-28 02:07:21-05:00,21.37,0.22,88.17,94.67,3.94
1153,2020-12-28 02:19:42-05:00,21.37,0.22,88.13,94.63,3.54
1154,2020-12-28 02:32:03-05:00,21.37,0.22,88.21,94.71,3.54
1155,2020-12-28 02:44:24-05:00,21.37,0.22,88.05,94.54,3.54
1156,2020-12-28 02:56:45-05:00,21.37,0.22,88.05,94.54,3.54
1157,2020-12-28 03:09:06-05:00,21.37,0.22,88.39,94.91,3.54
1158,2020-12-28 03:21:27-05:00,21.37,0.22,88.59,95.11,3.59
1159,2020-12-28 03:33:48-05:00,21.37,0.22,88.17,94.67,3.59
1160,2020-12-28 03:46:10-05:00,21.37,0.22,88.16,94.66,3.59
1161,2020-12-28 03:58:31-05:00,21.31,0.22,88.12,94.74,3.59
1162,2020-12-28 04:10:52-05:00,21.31,0.22,88.26,94.88,4.0
1163,2020-12-28 04:23:13-05:00,21.31,0.22,88.34,94.97,4.05
1164,2020-12-28 04:35:34-05:00,21.37,0.22,88.91,95.47,3.59
1165,2020-12-28 04:47:55-05:00,20.94,0.22,86.92,94.17,3.94
1166,2020-12-28 05:00:16-05:00,20.37,0.21,86.28,94.58,3.54
1167,2020-12-28 05:12:38-05:00,20.25,0.21,86.58,95.15,3.94
1168,2020-12-28 05:24:59-05:00,20.25,0.21,86.74,95.32,3.59
1169,2020-12-28 05:37:20-05:00,20.25,0.21,86.55,95.12,3.59
1170,2020-12-28 05:49:41-05:00,20.25,0.21,86.52,95.08,3.54
1171,2020-12-28 06:02:02-05:00,20.25,0.21,86.56,95.13,3.94
1172,2020-12-28 06:14:23-05:00,20.25,0.22,86.92,95.52,3.59
1173,2020-12-28 06:26:44-05:00,20.25,0.22,87.36,96.0,4.0
1174,2020-12-28 06:39:05-05:00,20.25,0.21,86.67,95.25,3.59
1175,2020-12-28 06:51:26-05:00,20.25,0.21,86.83,95.42,4.0
1176,2020-12-28 07:03:48-05:00,20.31,0.21,86.46,94.89,3.64
1177,2020-12-28 07:16:09-05:00,20.31,0.22,87.01,95.5,3.64
1178,2020-12-28 07:28:30-05:00,20.25,0.22,87.01,95.62,3.64
1179,2020-12-28 07:40:51-05:00,20.31,0.21,86.83,95.3,3.59
1180,2020-12-28 07:53:12-05:00,20.06,0.21,83.51,92.15,3.94
1195,2020-12-28 10:58:29-05:00,20.12,0.22,87.5,96.4,3.54
1196,2020-12-28 11:10:50-05:00,20.44,0.22,86.97,95.21,3.54
1197,2020-12-28 11:23:12-05:00,20.56,0.22,87.77,95.83,3.54
1198,2020-12-28 11:35:33-05:00,20.62,0.22,87.65,95.57,3.54
1199,2020-12-28 11:47:54-05:00,20.69,0.22,88.06,95.9,3.54
1200,2020-12-28 12:00:15-05:00,20.75,0.22,87.9,95.59,3.54
1201,2020-12-28 12:12:36-05:00,20.81,0.22,87.77,95.34,4.0
1202,2020-12-28 12:24:57-05:00,20.88,0.22,87.55,94.97,3.59
1203,2020-12-28 12:37:19-05:00,20.94,0.22,87.17,94.44,3.59
1204,2020-12-28 12:49:40-05:00,20.94,0.22,87.76,95.08,4.0
1205,2020-12-28 13:02:01-05:00,20.94,0.22,88.49,95.87,4.0
1207,2020-12-28 13:26:43-05:00,21.5,0.22,89.13,95.45,3.49
1208,2020-12-28 13:39:04-05:00,22.06,0.22,89.0,94.24,3.54
1209,2020-12-28 13:51:25-05:00,22.19,0.22,89.51,94.54,3.54
1210,2020-12-28 14:03:47-05:00,22.31,0.22,89.55,94.35,3.54
1211,2020-12-28 14:16:08-05:00,22.44,0.22,89.65,94.22,3.89
1212,2020-12-28 14:28:29-05:00,22.5,0.22,89.89,94.35,3.94
1213,2020-12-28 14:40:50-05:00,22.62,0.22,89.88,94.11,3.54
1214,2020-12-28 14:53:11-05:00,22.69,0.22,90.24,94.36,3.94
1215,2020-12-28 15:05:32-05:00,22.75,0.22,90.17,94.18,3.59
1216,2020-12-28 15:17:53-05:00,22.75,0.22,89.9,93.9,3.59
1217,2020-12-28 15:30:14-05:00,22.81,0.22,89.72,93.6,3.59
1218,2020-12-28 15:42:35-05:00,22.87,0.22,90.29,94.07,3.59
1219,2020-12-28 15:54:56-05:00,22.94,0.23,91.28,94.98,3.54
1220,2020-12-28 16:07:17-05:00,23.25,0.23,92.17,95.32,3.54
1221,2020-12-28 16:19:39-05:00,23.5,0.23,92.5,95.2,3.49
1222,2020-12-28 16:32:00-05:00,23.94,0.23,92.18,94.07,3.49
1223,2020-12-28 16:44:21-05:00,23.94,0.23,92.46,94.35,3.54
1224,2020-12-28 16:56:42-05:00,24.0,0.23,91.62,93.38,3.89
1225,2020-12-28 17:09:03-05:00,24.0,0.23,92.52,94.3,3.49
1226,2020-12-28 17:21:24-05:00,24.0,0.23,92.56,94.34,3.89
1227,2020-12-28 17:33:45-05:00,24.06,0.23,92.15,93.81,3.89
1228,2020-12-28 17:46:07-05:00,24.06,0.23,92.94,94.61,3.89
1229,2020-12-28 17:58:28-05:00,24.06,0.23,91.94,93.59,3.54
1230,2020-12-28 18:23:09-05:00,24.06,0.23,92.46,94.12,3.94
1231,2020-12-28 18:35:31-05:00,24.12,0.23,93.76,95.34,3.54
1232,2020-12-28 18:47:52-05:00,24.06,0.23,92.33,94.0,3.89
1233,2020-12-28 19:00:13-05:00,23.94,0.23,92.06,93.94,3.49
1234,2020-12-28 19:12:34-05:00,23.81,0.23,91.63,93.73,3.49
1235,2020-12-28 19:24:55-05:00,23.75,0.23,92.35,94.59,3.49
1236,2020-12-28 19:37:16-05:00,23.75,0.23,92.1,94.33,3.54
1237,2020-12-28 19:49:37-05:00,23.75,0.23,91.71,93.93,3.54
1238,2020-12-28 20:01:58-05:00,23.75,0.23,92.48,94.71,3.49
1239,2020-12-28 20:14:19-05:00,23.75,0.23,92.21,94.44,3.89
1240,2020-12-28 20:26:40-05:00,23.75,0.23,91.86,94.09,3.54
1241,2020-12-28 20:39:02-05:00,23.75,0.23,92.47,94.7,3.54
1242,2020-12-28 20:51:23-05:00,23.75,0.23,91.89,94.12,3.54
1243,2020-12-28 21:03:44-05:00,23.75,0.23,91.69,93.91,3.49
1244,2020-12-28 21:16:05-05:00,23.44,0.23,90.88,93.65,3.89
1246,2020-12-28 21:40:47-05:00,22.94,0.22,90.5,94.18,3.54
1247,2020-12-28 21:53:08-05:00,22.87,0.22,89.79,93.55,3.89
1248,2020-12-28 22:05:29-05:00,22.87,0.22,89.98,93.75,3.49
1249,2020-12-28 22:17:51-05:00,22.87,0.22,90.37,94.15,3.54
1250,2020-12-28 22:30:12-05:00,22.87,0.22,90.32,94.1,3.54
1251,2020-12-28 22:42:33-05:00,22.87,0.22,90.49,94.28,3.54
1252,2020-12-28 22:54:54-05:00,22.87,0.22,90.74,94.54,3.54
1253,2020-12-28 23:07:15-05:00,22.87,0.22,90.72,94.52,3.89
1254,2020-12-28 23:19:36-05:00,22.87,0.22,90.74,94.54,3.94
1255,2020-12-28 23:31:57-05:00,22.87,0.22,90.68,94.47,3.94
1256,2020-12-28 23:44:18-05:00,22.87,0.22,90.59,94.39,3.94
1257,2020-12-28 23:56:40-05:00,22.87,0.22,90.25,94.03,3.94
1258,2020-12-29 00:09:01-05:00,22.87,0.23,90.77,94.57,3.54
1259,2020-12-29 00:21:22-05:00,22.5,0.22,89.41,93.85,3.54
1260,2020-12-29 00:33:43-05:00,22.06,0.22,88.75,93.98,3.89
1261,2020-12-29 00:46:04-05:00,21.87,0.22,88.93,94.53,3.54
1262,2020-12-29 00:58:25-05:00,21.87,0.22,89.02,94.61,3.94
1263,2020-12-29 01:10:46-05:00,21.87,0.22,89.21,94.82,3.54
1264,2020-12-29 01:23:07-05:00,21.87,0.22,88.65,94.22,3.94
1265,2020-12-29 01:35:28-05:00,21.87,0.22,88.87,94.46,3.54
1266,2020-12-29 01:47:49-05:00,21.87,0.22,88.81,94.4,3.54
1267,2020-12-29 02:00:11-05:00,21.87,0.22,88.53,94.1,3.94
1268,2020-12-29 02:12:32-05:00,21.87,0.22,89.13,94.73,3.84
1269,2020-12-29 02:24:53-05:00,21.87,0.22,88.7,94.28,3.89
1270,2020-12-29 02:37:14-05:00,21.87,0.22,89.04,94.64,3.54
1272,2020-12-29 03:01:56-05:00,21.87,0.22,89.33,94.95,3.54
1273,2020-12-29 03:14:17-05:00,21.56,0.22,88.44,94.6,3.49
1274,2020-12-29 03:26:38-05:00,21.06,0.22,88.51,95.65,3.43
1275,2020-12-29 03:38:59-05:00,20.94,0.22,88.17,95.52,3.84
1276,2020-12-29 03:51:21-05:00,20.94,0.22,88.4,95.77,3.43
1277,2020-12-29 04:03:42-05:00,20.94,0.22,88.05,95.39,3.49
1278,2020-12-29 04:16:03-05:00,20.94,0.22,88.14,95.49,3.43
1279,2020-12-29 04:28:24-05:00,20.94,0.22,88.01,95.35,3.49
1280,2020-12-29 04:40:45-05:00,20.94,0.22,88.25,95.6,3.49
1281,2020-12-29 04:53:06-05:00,20.94,0.22,88.27,95.62,3.89
1282,2020-12-29 05:05:27-05:00,20.94,0.22,88.36,95.72,3.54
1283,2020-12-29 05:17:48-05:00,21.0,0.22,88.21,95.44,3.89
1284,2020-12-29 05:30:10-05:00,21.0,0.22,88.16,95.39,3.54
1285,2020-12-29 05:42:31-05:00,20.94,0.22,88.29,95.65,3.54
1286,2020-12-29 05:54:52-05:00,21.0,0.22,88.95,96.24,3.54
1287,2020-12-29 06:07:13-05:00,20.75,0.22,90.39,98.29,3.49
1288,2020-12-29 06:19:34-05:00,20.31,0.22,87.7,96.25,3.49
1289,2020-12-29 06:31:55-05:00,20.25,0.22,87.52,96.17,3.49
1290,2020-12-29 06:44:17-05:00,20.25,0.22,87.88,96.57,3.89
1291,2020-12-29 06:56:38-05:00,20.25,0.22,87.68,96.35,3.54
1292,2020-12-29 07:08:59-05:00,20.25,0.22,87.65,96.32,3.89
1293,2020-12-29 07:21:20-05:00,20.25,0.22,87.77,96.45,3.54
1294,2020-12-29 07:33:41-05:00,20.25,0.22,87.39,96.04,3.94
1295,2020-12-29 07:46:03-05:00,20.25,0.22,87.55,96.21,3.54
1296,2020-12-29 07:58:24-05:00,20.25,0.22,87.83,96.51,3.54
1297,2020-12-29 08:10:45-05:00,20.31,0.22,87.93,96.5,4.0
1298,2020-12-29 08:23:06-05:00,20.31,0.22,87.69,96.24,3.54
1299,2020-12-29 08:35:27-05:00,20.31,0.22,87.66,96.21,3.94
1300,2020-12-29 08:47:48-05:00,20.31,0.22,88.39,97.0,3.59
1301,2020-12-29 09:00:09-05:00,20.31,0.22,88.29,96.89,3.54
1302,2020-12-29 09:12:30-05:00,20.44,0.22,87.84,96.15,3.54
1303,2020-12-29 09:24:51-05:00,20.37,0.22,88.54,97.04,3.43
1304,2020-12-29 09:37:13-05:00,20.44,0.22,87.91,96.22,3.49
1305,2020-12-29 09:49:34-05:00,20.56,0.22,88.02,96.1,3.89
1306,2020-12-29 10:01:55-05:00,20.5,0.22,87.85,96.03,3.49
1307,2020-12-29 10:14:16-05:00,20.56,0.22,88.06,96.14,3.49
1308,2020-12-29 10:26:37-05:00,20.56,0.22,87.73,95.79,3.54
1309,2020-12-29 10:38:58-05:00,20.56,0.22,87.91,95.98,3.54
1310,2020-12-29 10:51:20-05:00,20.56,0.22,88.21,96.3,3.94
1311,2020-12-29 11:03:41-05:00,20.62,0.22,87.37,95.27,3.54
1312,2020-12-29 11:16:02-05:00,20.62,0.22,87.95,95.9,3.54
1313,2020-12-29 11:28:23-05:00,20.62,0.22,87.92,95.86,3.59
1314,2020-12-29 11:40:44-05:00,20.62,0.22,88.35,96.33,3.94
1315,2020-12-29 11:53:05-05:00,20.62,0.22,88.61,96.61,3.54
1316,2020-12-29 12:05:27-05:00,21.0,0.22,88.87,96.15,3.89
1317,2020-12-29 12:17:48-05:00,21.19,0.22,88.65,95.54,3.49
1356,2020-12-30 11:23:58-05:00,22.19,0.23,93.51,98.75,4.35
1357,2020-12-30 11:36:18-05:00,22.37,0.23,91.21,95.97,4.1
1360,2020-12-30 11:48:39-05:00,22.37,0.23,91.47,96.25,3.79
1364,2020-12-30 12:00:59-05:00,22.44,0.23,91.29,95.94,4.25
1365,2020-12-30 12:13:20-05:00,22.5,0.23,91.34,95.87,4.45
1366,2020-12-30 12:25:40-05:00,22.5,0.23,91.09,95.61,4.5
1367,2020-12-30 12:38:01-05:00,22.5,0.23,91.34,95.87,4.66
1368,2020-12-30 12:50:21-05:00,22.56,0.23,91.18,95.58,4.76
1369,2020-12-30 13:02:41-05:00,22.56,0.23,91.32,95.73,4.81
1370,2020-12-30 13:15:02-05:00,22.56,0.23,91.4,95.82,4.86
1371,2020-12-30 13:27:22-05:00,22.62,0.23,91.83,96.15,4.76
1372,2020-12-30 13:39:42-05:00,22.87,0.23,92.78,96.66,4.4
1373,2020-12-30 13:52:03-05:00,23.06,0.23,93.04,96.57,4.2
1374,2020-12-30 14:04:23-05:00,23.25,0.23,92.83,96.01,4.15
1375,2020-12-30 14:16:43-05:00,23.38,0.23,92.64,95.57,4.3
1376,2020-12-30 14:29:04-05:00,23.44,0.23,92.45,95.26,4.0
1377,2020-12-30 14:41:24-05:00,23.44,0.23,92.88,95.7,4.56
1378,2020-12-30 14:53:44-05:00,23.5,0.23,92.57,95.27,4.56
1379,2020-12-30 15:06:05-05:00,23.5,0.23,92.47,95.16,4.61
1380,2020-12-30 15:18:25-05:00,23.56,0.23,92.6,95.18,4.76
1381,2020-12-30 15:30:46-05:00,23.56,0.23,92.73,95.32,4.81
1382,2020-12-30 15:43:06-05:00,23.56,0.23,92.66,95.25,4.91
1383,2020-12-30 15:55:26-05:00,23.62,0.23,92.81,95.29,5.02
1384,2020-12-30 16:07:47-05:00,23.62,0.23,92.82,95.3,5.07
1385,2020-12-30 16:20:07-05:00,23.62,0.23,92.81,95.29,5.12
1386,2020-12-30 16:32:27-05:00,23.62,0.23,93.78,96.28,4.66
1387,2020-12-30 16:44:48-05:00,23.87,0.24,95.54,97.61,4.05
1388,2020-12-30 16:57:08-05:00,24.06,0.23,93.07,94.75,4.3
1389,2020-12-30 17:09:29-05:00,24.06,0.23,94.03,95.72,4.35
1390,2020-12-30 17:21:49-05:00,24.06,0.23,93.46,95.14,4.45
1391,2020-12-30 17:34:09-05:00,24.06,0.23,93.47,95.15,4.61
1392,2020-12-30 17:46:30-05:00,24.06,0.23,93.8,95.49,4.71
1393,2020-12-30 17:58:50-05:00,24.06,0.23,93.82,95.52,4.76
1394,2020-12-30 18:11:10-05:00,24.06,0.23,93.7,95.39,4.86
1395,2020-12-30 18:23:31-05:00,24.06,0.23,93.59,95.28,5.02
1396,2020-12-30 18:35:51-05:00,24.06,0.23,93.9,95.59,5.07
1397,2020-12-30 18:48:12-05:00,24.06,0.23,93.65,95.34,5.17
1398,2020-12-30 19:00:32-05:00,24.0,0.23,93.6,95.4,5.27
1399,2020-12-30 19:12:53-05:00,24.0,0.23,93.91,95.71,5.07
1400,2020-12-30 19:25:13-05:00,23.94,0.23,93.5,95.41,4.76
1401,2020-12-30 19:37:33-05:00,23.69,0.23,94.04,96.43,4.35
1402,2020-12-30 19:49:54-05:00,23.5,0.23,92.11,94.8,3.89
1403,2020-12-30 20:02:14-05:00,23.44,0.23,92.28,95.09,4.4
1404,2020-12-30 20:14:34-05:00,23.44,0.23,92.65,95.47,4.5
1405,2020-12-30 20:26:55-05:00,23.44,0.23,92.43,95.24,4.56
1406,2020-12-30 20:39:15-05:00,23.38,0.23,92.98,95.92,4.66
1407,2020-12-30 20:51:35-05:00,23.38,0.23,92.74,95.68,4.91
1408,2020-12-30 21:03:56-05:00,23.38,0.23,92.26,95.19,5.07
1409,2020-12-30 21:16:16-05:00,23.38,0.23,92.13,95.05,5.12
1410,2020-12-30 21:28:37-05:00,23.38,0.23,92.72,95.66,5.17
1411,2020-12-30 21:40:57-05:00,23.38,0.23,92.63,95.56,4.86
1412,2020-12-30 21:53:17-05:00,23.38,0.23,92.93,95.87,5.3
1413,2020-12-30 22:05:38-05:00,23.38,0.23,92.23,95.15,4.45
1414,2020-12-30 22:17:58-05:00,23.12,0.23,91.41,94.77,4.5
1415,2020-12-30 22:30:18-05:00,22.81,0.23,91.07,94.99,4.35
1416,2020-12-30 22:42:39-05:00,22.69,0.23,90.95,95.11,4.45
1417,2020-12-30 22:54:59-05:00,22.69,0.23,90.92,95.08,4.56
1418,2020-12-30 23:07:19-05:00,22.69,0.23,91.51,95.69,4.66
1419,2020-12-30 23:19:40-05:00,22.69,0.23,91.08,95.24,4.81
1420,2020-12-30 23:32:00-05:00,22.69,0.23,91.23,95.4,4.86
1421,2020-12-30 23:44:20-05:00,22.69,0.23,91.51,95.69,5.22
1422,2020-12-30 23:56:41-05:00,22.69,0.23,91.24,95.41,5.17
1423,2020-12-31 00:09:01-05:00,22.69,0.23,91.5,95.68,5.42
1424,2020-12-31 00:21:22-05:00,22.69,0.23,90.94,95.1,5.46
1425,2020-12-31 00:33:42-05:00,22.69,0.23,91.91,96.12,4.56
1426,2020-12-31 00:46:02-05:00,22.56,0.22,89.2,93.52,4.61
1427,2020-12-31 00:58:23-05:00,22.37,0.22,90.68,95.41,3.94
1428,2020-12-31 01:10:43-05:00,22.31,0.22,90.32,95.16,4.1
1429,2020-12-31 01:23:03-05:00,22.25,0.23,90.92,95.91,4.56
1430,2020-12-31 01:35:24-05:00,22.25,0.22,90.27,95.22,4.61
1431,2020-12-31 01:47:44-05:00,22.25,0.23,91.1,96.09,4.71
1432,2020-12-31 02:00:04-05:00,22.25,0.22,90.74,95.72,4.81
1433,2020-12-31 02:12:25-05:00,22.25,0.23,90.84,95.82,4.91
1434,2020-12-31 02:24:45-05:00,22.25,0.22,90.53,95.5,5.07
1435,2020-12-31 02:37:06-05:00,22.25,0.22,90.7,95.67,5.15
1436,2020-12-31 02:49:26-05:00,22.25,0.22,90.54,95.51,5.25
1437,2020-12-31 03:01:47-05:00,22.25,0.22,90.52,95.49,5.36
1438,2020-12-31 03:14:07-05:00,22.25,0.23,90.88,95.87,5.46
1439,2020-12-31 03:26:28-05:00,22.13,0.22,90.32,95.51,4.66
1440,2020-12-31 03:38:48-05:00,21.81,0.22,89.71,95.47,4.4
1441,2020-12-31 03:51:08-05:00,21.69,0.22,89.62,95.62,4.0
1442,2020-12-31 04:03:29-05:00,21.69,0.22,89.45,95.43,4.5
1443,2020-12-31 04:15:49-05:00,21.69,0.22,89.21,95.18,4.56
1444,2020-12-31 04:28:10-05:00,21.69,0.22,89.76,95.77,4.66
1445,2020-12-31 04:40:30-05:00,21.69,0.22,89.33,95.31,4.71
1446,2020-12-31 04:52:50-05:00,21.69,0.22,89.65,95.65,4.85
1447,2020-12-31 05:05:11-05:00,21.69,0.22,89.64,95.64,5.0
1448,2020-12-31 05:17:31-05:00,21.69,0.22,89.47,95.45,5.1
1449,2020-12-31 05:29:51-05:00,21.69,0.22,89.92,95.93,5.2
1450,2020-12-31 05:42:12-05:00,21.69,0.22,89.7,95.7,5.3
1451,2020-12-31 05:54:33-05:00,21.69,0.22,87.96,93.85,5.41
1452,2020-12-31 06:06:53-05:00,21.69,0.22,89.46,95.44,5.07
1453,2020-12-31 06:19:13-05:00,21.56,0.22,89.93,96.19,4.66
1454,2020-12-31 06:31:34-05:00,21.31,0.22,88.78,95.44,4.35
1455,2020-12-31 06:43:54-05:00,21.25,0.22,88.85,95.64,4.4
1456,2020-12-31 06:56:14-05:00,21.19,0.22,88.8,95.71,4.5
1457,2020-12-31 07:08:35-05:00,21.19,0.22,89.09,96.02,4.2
1458,2020-12-31 07:20:55-05:00,21.19,0.22,89.06,95.99,4.3
1459,2020-12-31 07:33:15-05:00,21.19,0.22,89.56,96.53,4.81
1460,2020-12-31 07:45:36-05:00,21.19,0.22,89.66,96.64,4.9
1461,2020-12-31 07:57:56-05:00,21.19,0.22,89.49,96.45,5.02
1462,2020-12-31 08:10:16-05:00,21.19,0.22,89.14,96.07,5.15
1463,2020-12-31 08:22:37-05:00,21.19,0.22,89.21,96.15,5.25
1464,2020-12-31 08:34:57-05:00,21.19,0.22,89.21,96.15,5.36
1465,2020-12-31 08:47:18-05:00,21.19,0.22,89.73,96.71,5.46
1466,2020-12-31 08:59:38-05:00,21.19,0.22,89.47,96.43,5.05
1467,2020-12-31 09:11:58-05:00,21.19,0.22,89.91,96.9,4.66
1468,2020-12-31 09:24:18-05:00,21.12,0.22,89.4,96.47,4.05
1469,2020-12-31 09:36:39-05:00,21.19,0.22,89.01,95.93,4.15
1470,2020-12-31 09:48:59-05:00,21.19,0.22,89.68,96.66,4.61
1471,2020-12-31 10:01:20-05:00,21.19,0.22,89.51,96.47,4.79
1472,2020-12-31 10:13:40-05:00,21.19,0.22,89.23,96.17,4.95
1473,2020-12-31 10:26:00-05:00,21.19,0.22,89.6,96.57,5.1
1474,2020-12-31 10:38:21-05:00,21.19,0.22,89.23,96.17,5.61
1475,2020-12-31 10:50:41-05:00,21.25,0.22,89.55,96.39,5.36
1476,2020-12-31 11:03:02-05:00,21.25,0.22,89.05,95.85,5.46
1477,2020-12-31 11:15:22-05:00,21.25,0.22,90.43,97.34,5.07
1478,2020-12-31 11:27:42-05:00,21.5,0.22,90.68,97.11,4.71
1479,2020-12-31 11:40:03-05:00,21.75,0.22,90.68,96.62,4.4
1480,2020-12-31 11:52:23-05:00,21.94,0.22,90.74,96.32,4.05
1481,2020-12-31 12:04:43-05:00,22.0,0.23,91.28,96.77,4.15
1482,2020-12-31 12:17:04-05:00,22.0,0.22,90.71,96.16,4.71
1483,2020-12-31 12:29:24-05:00,22.06,0.22,90.18,95.49,4.76
1484,2020-12-31 12:41:45-05:00,22.13,0.23,91.06,96.29,4.91
1485,2020-12-31 12:54:05-05:00,22.13,0.22,90.74,95.96,5.07
1486,2020-12-31 13:06:25-05:00,22.19,0.22,90.72,95.81,5.17
1487,2020-12-31 13:18:46-05:00,22.19,0.23,91.06,96.17,5.25
1488,2020-12-31 13:31:06-05:00,22.19,0.23,90.99,96.11,5.42
1489,2020-12-31 13:43:26-05:00,22.19,0.23,91.25,96.38,5.46
1490,2020-12-31 13:55:47-05:00,22.25,0.23,92.21,97.27,5.02
1491,2020-12-31 14:08:07-05:00,22.81,0.23,92.6,96.59,4.66
1492,2020-12-31 14:20:27-05:00,22.69,0.23,92.67,96.91,4.4
1493,2020-12-31 14:32:48-05:00,22.94,0.23,93.07,96.84,4.5
1494,2020-12-31 14:45:08-05:00,23.06,0.23,93.51,97.06,4.66
1495,2020-12-31 14:57:29-05:00,23.19,0.23,92.8,96.09,4.76
1496,2020-12-31 15:09:49-05:00,23.25,0.23,93.14,96.32,4.45
1497,2020-12-31 15:22:09-05:00,23.31,0.23,93.12,96.19,4.56
1498,2020-12-31 15:34:30-05:00,23.38,0.23,92.6,95.53,5.07
1499,2020-12-31 15:46:50-05:00,23.44,0.23,93.18,96.02,5.22
1500,2020-12-31 15:59:12-05:00,23.5,0.23,94.54,97.29,4.86
1501,2020-12-31 16:11:32-05:00,23.69,0.24,94.6,97.0,4.86
1502,2020-12-31 16:23:52-05:00,24.0,0.23,94.53,96.35,4.56
1503,2020-12-31 16:36:13-05:00,24.06,0.23,94.27,95.97,4.5
1504,2020-12-31 16:48:33-05:00,24.12,0.23,93.63,95.2,4.56
1505,2020-12-31 17:00:53-05:00,24.06,0.23,93.89,95.58,4.66
1506,2020-12-31 17:13:14-05:00,24.06,0.23,94.26,95.96,4.81
1507,2020-12-31 17:25:34-05:00,24.06,0.23,94.49,96.19,4.91
1508,2020-12-31 17:37:54-05:00,24.06,0.23,94.48,96.18,5.07
1509,2020-12-31 17:50:15-05:00,24.06,0.24,94.85,96.56,5.17
1510,2020-12-31 18:02:35-05:00,24.06,0.23,93.99,95.68,5.27
1511,2020-12-31 18:14:55-05:00,24.06,0.23,94.44,96.14,5.42
1512,2020-12-31 18:27:16-05:00,24.06,0.23,91.81,93.47,5.56
1513,2020-12-31 18:39:36-05:00,24.0,0.24,94.78,96.61,5.12
1514,2020-12-31 18:51:57-05:00,23.87,0.23,94.02,96.06,4.76
1515,2020-12-31 19:04:17-05:00,23.69,0.23,92.26,94.61,4.45
1516,2020-12-31 19:16:37-05:00,23.5,0.23,93.32,96.05,4.5
1517,2020-12-31 19:28:58-05:00,23.44,0.23,92.96,95.78,4.25
1518,2020-12-31 19:41:18-05:00,23.44,0.23,93.52,96.36,4.71
1519,2020-12-31 19:53:38-05:00,23.44,0.23,93.05,95.88,4.91
1520,2020-12-31 20:05:59-05:00,23.44,0.23,93.04,95.87,5.02
1521,2020-12-31 20:18:19-05:00,23.44,0.23,93.58,96.42,5.3
1522,2020-12-31 20:30:39-05:00,23.44,0.23,92.83,95.66,5.46
1523,2020-12-31 20:43:00-05:00,23.44,0.23,93.15,95.98,5.56
1524,2020-12-31 20:55:21-05:00,23.44,0.23,93.42,96.26,5.22
1525,2020-12-31 21:07:41-05:00,23.25,0.22,90.36,93.45,4.76
1526,2020-12-31 21:20:01-05:00,22.87,0.23,92.21,96.07,4.61
1527,2020-12-31 21:32:21-05:00,22.75,0.23,92.24,96.34,4.56
1528,2020-12-31 21:44:42-05:00,22.69,0.23,91.61,95.8,4.66
1529,2020-12-31 21:57:02-05:00,22.69,0.23,91.9,96.11,4.76
1530,2020-12-31 22:09:22-05:00,22.69,0.23,91.9,96.11,4.96
1531,2020-12-31 22:21:43-05:00,22.69,0.23,91.79,95.99,5.12
1532,2020-12-31 22:34:03-05:00,22.69,0.23,92.04,96.24,5.17
1533,2020-12-31 22:46:23-05:00,22.69,0.23,91.95,96.15,5.3
1534,2020-12-31 22:58:44-05:00,22.69,0.23,92.17,96.38,5.53
1535,2020-12-31 23:11:04-05:00,22.69,0.23,92.63,96.86,5.61
1536,2020-12-31 23:23:24-05:00,22.69,0.23,92.18,96.39,5.2
1537,2020-12-31 23:35:45-05:00,22.56,0.23,91.92,96.36,4.81
1538,2020-12-31 23:48:05-05:00,22.19,0.23,91.14,96.26,4.45
1539,2021-01-01 16:36:23-05:00,23.0,0.23,90.8,94.37,5.61
1540,2021-01-01 16:48:43-05:00,22.13,0.23,92.07,97.36,5.36
1541,2021-01-01 17:01:04-05:00,22.13,0.23,90.76,95.98,5.53
1542,2021-01-01 17:13:24-05:00,22.13,0.23,92.25,97.55,5.71
1543,2021-01-01 17:25:44-05:00,22.13,0.23,92.6,97.92,5.25
1544,2021-01-01 17:38:05-05:00,22.31,0.23,91.96,96.88,4.45
1545,2021-01-01 17:50:25-05:00,22.5,0.23,91.9,96.46,4.45
1546,2021-01-01 18:02:45-05:00,22.56,0.23,92.67,97.15,4.5
1547,2021-01-01 18:15:06-05:00,22.56,0.23,92.54,97.01,4.66
1548,2021-01-01 18:27:26-05:00,22.56,0.23,92.78,97.26,4.81
1549,2021-01-01 18:39:47-05:00,22.56,0.23,92.91,97.39,5.41
1550,2021-01-01 18:52:07-05:00,22.56,0.23,92.77,97.25,5.22
1551,2021-01-01 19:04:27-05:00,22.56,0.23,92.66,97.13,5.36
1552,2021-01-01 19:16:48-05:00,22.56,0.23,93.26,97.76,5.56
1553,2021-01-01 19:29:08-05:00,22.56,0.23,92.02,96.46,5.71
1554,2021-01-01 19:41:28-05:00,22.56,0.23,93.28,97.79,5.92
1555,2021-01-01 19:53:49-05:00,22.56,0.23,93.37,97.87,5.37
1556,2021-01-01 20:06:09-05:00,22.5,0.23,93.2,97.82,4.96
1557,2021-01-01 20:18:29-05:00,22.37,0.23,92.21,97.02,4.66
1558,2021-01-01 20:30:50-05:00,22.31,0.23,92.35,97.3,4.25
1559,2021-01-02 11:32:53-05:00,22.13,0.23,92.12,97.41,5.42
1560,2021-01-02 11:45:13-05:00,22.13,0.23,92.37,97.68,5.61
1561,2021-01-02 11:57:33-05:00,22.13,0.23,92.53,97.84,5.61
1562,2021-01-02 12:09:54-05:00,22.13,0.23,92.34,97.65,5.88
1563,2021-01-02 12:22:14-05:00,22.13,0.23,93.72,99.1,5.97
1564,2021-01-02 12:34:34-05:00,22.13,0.24,94.84,100.29,5.46
1565,2021-01-02 12:46:55-05:00,22.37,0.23,94.26,99.18,4.96
1566,2021-01-02 12:59:15-05:00,22.69,0.23,94.13,98.43,4.56
1567,2021-01-02 13:11:35-05:00,22.81,0.23,93.77,97.81,4.61
1568,2021-01-02 13:23:56-05:00,22.94,0.23,93.58,97.37,4.45
1569,2021-01-02 13:36:16-05:00,23.0,0.23,93.8,97.49,5.07
1570,2021-01-02 13:48:37-05:00,23.0,0.23,94.1,97.79,5.25
1571,2021-01-02 14:00:57-05:00,23.06,0.23,93.63,97.19,5.58
1572,2021-01-02 14:13:17-05:00,23.06,0.23,93.89,97.45,5.71
1573,2021-01-02 14:25:38-05:00,23.12,0.23,93.78,97.23,5.92
1574,2021-01-02 14:37:58-05:00,23.12,0.24,95.26,98.76,5.42
1575,2021-01-02 14:50:18-05:00,23.38,0.24,95.52,98.54,4.56
1576,2021-01-02 15:02:39-05:00,23.62,0.24,95.57,98.11,4.5
1577,2021-01-02 15:14:59-05:00,23.75,0.24,95.65,97.96,4.56
1578,2021-01-02 15:27:19-05:00,23.87,0.24,95.21,97.28,4.81
1579,2021-01-02 15:39:40-05:00,23.87,0.24,94.94,97.0,4.96
1580,2021-01-02 15:52:00-05:00,23.87,0.24,95.27,97.34,5.22
1581,2021-01-02 16:04:21-05:00,23.87,0.24,95.36,97.43,5.47
1583,2021-01-02 16:46:55-05:00,23.81,0.24,94.86,97.04,6.7
1584,2021-01-02 16:59:15-05:00,23.81,0.24,95.61,97.8,6.38
1585,2021-01-02 17:11:36-05:00,23.81,0.24,95.52,97.71,5.83
1586,2021-01-02 17:23:56-05:00,23.87,0.24,95.55,97.62,5.27
1587,2021-01-02 17:36:16-05:00,23.81,0.24,94.82,97.0,4.91
1588,2021-01-02 17:48:37-05:00,23.69,0.24,94.7,97.11,5.12
1589,2021-01-02 18:00:57-05:00,23.75,0.24,94.73,97.02,5.22
1590,2021-01-02 18:13:17-05:00,23.69,0.24,94.98,97.39,5.42
1591,2021-01-02 18:25:38-05:00,23.69,0.24,94.86,97.27,5.76
1592,2021-01-02 18:37:58-05:00,23.69,0.24,95.02,97.43,5.81
1593,2021-01-02 18:50:18-05:00,23.69,0.24,95.23,97.65,5.87
1594,2021-01-02 19:02:39-05:00,23.69,0.24,95.06,97.47,6.09
1595,2021-01-02 19:14:59-05:00,23.62,0.24,95.14,97.67,6.22
1596,2021-01-02 19:27:19-05:00,23.62,0.23,93.89,96.39,6.73
1597,2021-01-02 19:39:40-05:00,23.62,0.24,95.41,97.96,5.81
1598,2021-01-02 19:52:00-05:00,23.5,0.23,94.51,97.26,5.3
1599,2021-01-02 20:04:21-05:00,23.19,0.23,94.04,97.37,4.96
1600,2021-01-02 20:16:41-05:00,23.0,0.23,93.3,96.97,5.12
1601,2021-01-02 20:29:01-05:00,23.0,0.23,94.09,97.78,5.22
1602,2021-01-02 20:41:22-05:00,23.0,0.23,93.73,97.41,5.41
1603,2021-01-02 20:53:42-05:00,23.0,0.23,93.88,97.56,5.53
1604,2021-01-02 21:06:02-05:00,23.0,0.23,94.07,97.76,5.81
1605,2021-01-02 21:18:23-05:00,23.0,0.23,94.27,97.97,6.38
1606,2021-01-02 21:30:43-05:00,23.0,0.23,94.11,97.8,6.07
1607,2021-01-02 21:43:03-05:00,23.0,0.23,94.39,98.09,6.58
1608,2021-01-02 21:55:24-05:00,23.0,0.23,94.16,97.86,6.38
1609,2021-01-02 22:07:44-05:00,23.0,0.23,94.12,97.81,6.27
1610,2021-01-02 22:20:05-05:00,22.75,0.23,93.39,97.53,5.32
1611,2021-01-02 22:32:25-05:00,22.44,0.23,93.12,97.86,4.96
1612,2021-01-02 22:44:45-05:00,22.31,0.23,92.99,97.96,6.32
1613,2021-01-02 22:57:06-05:00,22.31,0.23,92.71,97.67,6.43
1614,2021-01-02 23:09:26-05:00,22.31,0.23,92.92,97.89,6.53
1615,2021-01-02 23:21:46-05:00,22.31,0.23,92.32,97.26,6.73
1616,2021-01-02 23:34:07-05:00,22.25,0.23,92.65,97.73,6.89
1617,2021-01-02 23:46:27-05:00,22.25,0.23,93.11,98.21,6.53
1618,2021-01-02 23:58:48-05:00,22.25,0.23,92.54,97.61,6.68
1620,2021-01-03 00:23:28-05:00,22.25,0.23,92.99,98.08,6.94
1621,2021-01-03 00:35:49-05:00,22.25,0.23,93.12,98.22,6.48
1622,2021-01-03 00:48:09-05:00,22.0,0.23,92.6,98.16,6.38
1623,2021-01-03 01:00:29-05:00,21.69,0.23,91.75,97.88,5.61
1624,2021-01-03 01:12:50-05:00,21.56,0.23,91.94,98.32,5.85
1625,2021-01-03 01:25:10-05:00,21.56,0.23,91.5,97.86,6.32
1626,2021-01-03 01:37:30-05:00,21.56,0.23,92.22,98.63,6.02
1627,2021-01-03 01:49:51-05:00,21.56,0.23,92.16,98.56,6.12
1628,2021-01-03 02:02:11-05:00,21.56,0.23,91.57,97.93,6.68
1629,2021-01-03 02:14:31-05:00,21.56,0.23,92.31,98.73,6.78
1630,2021-01-03 02:26:52-05:00,21.56,0.23,92.3,98.72,6.53
1631,2021-01-03 02:39:12-05:00,21.56,0.23,92.27,98.68,6.63
1633,2021-01-03 03:03:53-05:00,21.56,0.23,92.75,99.2,6.89
1634,2021-01-03 03:16:13-05:00,21.56,0.23,92.63,99.07,6.89
1635,2021-01-03 03:28:33-05:00,21.44,0.23,91.68,98.3,6.38
1636,2021-01-03 03:40:54-05:00,21.06,0.23,91.35,98.7,5.61
1637,2021-01-03 03:53:14-05:00,20.94,0.23,91.03,98.61,5.78
1638,2021-01-03 04:05:34-05:00,20.94,0.23,91.29,98.89,5.92
1639,2021-01-03 04:17:55-05:00,20.94,0.23,91.33,98.93,6.02
1640,2021-01-03 04:30:15-05:00,20.94,0.23,90.78,98.34,6.17
1641,2021-01-03 04:42:35-05:00,20.94,0.23,91.33,98.93,6.27
1642,2021-01-03 04:54:56-05:00,20.94,0.23,91.51,99.12,6.43
1643,2021-01-03 05:07:16-05:00,20.94,0.23,91.52,99.13,6.53
1644,2021-01-03 05:19:37-05:00,20.94,0.23,91.17,98.76,6.68
1646,2021-01-03 05:44:18-05:00,20.94,0.23,91.83,99.47,6.87
1647,2021-01-03 05:56:38-05:00,20.94,0.23,91.49,99.1,6.94
1648,2021-01-03 06:08:58-05:00,20.94,0.23,91.21,98.8,6.53
1649,2021-01-03 06:21:19-05:00,20.75,0.23,92.4,100.47,6.43
1650,2021-01-03 06:33:39-05:00,20.31,0.22,90.01,98.77,5.61
1651,2021-01-03 06:46:00-05:00,20.25,0.22,90.16,99.07,5.8
1652,2021-01-03 06:58:20-05:00,20.25,0.22,89.91,98.79,5.92
1653,2021-01-03 07:10:40-05:00,20.25,0.22,90.24,99.15,6.02
1654,2021-01-03 07:23:01-05:00,20.25,0.22,89.87,98.74,6.17
1655,2021-01-03 07:35:21-05:00,20.25,0.22,90.36,99.28,6.68
1656,2021-01-03 07:47:42-05:00,20.25,0.22,90.56,99.51,6.41
1657,2021-01-03 08:00:02-05:00,20.25,0.22,90.34,99.26,6.53
1659,2021-01-03 08:24:43-05:00,20.25,0.22,90.32,99.24,6.73
1660,2021-01-03 08:37:03-05:00,20.25,0.22,90.26,99.17,6.87
1663,2021-01-03 09:14:04-05:00,20.25,0.22,90.27,99.18,6.02
1664,2021-01-03 09:26:25-05:00,20.06,0.22,90.43,99.75,5.66
1665,2021-01-03 09:38:45-05:00,20.12,0.22,89.85,98.98,5.81
1666,2021-01-03 09:51:05-05:00,20.12,0.22,90.03,99.18,6.32
1667,2021-01-03 10:03:26-05:00,20.12,0.22,90.05,99.2,6.07
1668,2021-01-03 10:15:46-05:00,20.12,0.22,89.94,99.08,6.17
1669,2021-01-03 10:28:07-05:00,20.12,0.22,89.83,98.96,6.27
1670,2021-01-03 10:40:27-05:00,20.12,0.22,89.77,98.9,6.43
1671,2021-01-03 10:52:48-05:00,20.19,0.22,89.72,98.72,6.53
1676,2021-01-03 11:54:30-05:00,20.25,0.23,91.22,100.22,6.83
1677,2021-01-03 12:06:50-05:00,20.62,0.23,91.75,100.03,6.32
1678,2021-01-03 12:19:10-05:00,20.69,0.23,92.4,100.6,5.8
1679,2021-01-03 12:31:31-05:00,20.88,0.23,92.27,100.08,5.8
1680,2021-01-03 12:43:51-05:00,21.06,0.23,91.83,99.22,5.92
1681,2021-01-03 12:56:12-05:00,21.19,0.23,92.06,99.21,6.07
1682,2021-01-03 13:08:32-05:00,21.25,0.23,92.55,99.61,6.17
1683,2021-01-03 13:20:52-05:00,21.31,0.23,92.56,99.49,6.78
1684,2021-01-03 13:33:13-05:00,21.44,0.23,91.97,98.61,6.48
1685,2021-01-03 13:45:33-05:00,21.44,0.23,92.44,99.11,6.58
1686,2021-01-03 13:57:53-05:00,21.5,0.23,92.54,99.09,6.73
1689,2021-01-03 14:34:54-05:00,21.62,0.23,94.0,100.4,6.83
1690,2021-01-03 14:47:15-05:00,22.0,0.23,93.72,99.35,5.92
1691,2021-01-03 14:59:35-05:00,22.06,0.23,94.16,99.69,5.75
1692,2021-01-03 15:11:55-05:00,22.37,0.23,94.19,99.1,5.88
1693,2021-01-03 15:24:16-05:00,22.56,0.23,94.21,98.76,5.93
1694,2021-01-03 15:36:36-05:00,22.69,0.24,94.64,98.96,6.07
1695,2021-01-03 15:48:57-05:00,22.81,0.24,94.98,99.07,6.17
1696,2021-01-03 16:01:17-05:00,22.87,0.24,94.62,98.57,6.73
1697,2021-01-03 16:13:38-05:00,22.94,0.24,94.7,98.54,6.43
1698,2021-01-03 16:25:58-05:00,23.0,0.24,94.94,98.66,6.53
1701,2021-01-03 17:02:59-05:00,23.06,0.24,95.5,99.12,6.89
1703,2021-01-03 17:27:40-05:00,23.38,0.24,96.58,99.63,5.92
1704,2021-01-03 17:40:00-05:00,23.56,0.24,96.12,98.8,5.63
1705,2021-01-03 17:52:20-05:00,23.5,0.24,96.0,98.79,5.76
1706,2021-01-03 18:04:41-05:00,23.5,0.24,96.24,99.04,5.87
1707,2021-01-03 18:17:01-05:00,23.5,0.24,95.8,98.59,6.12
1708,2021-01-03 18:29:21-05:00,23.5,0.24,96.11,98.91,6.68
1709,2021-01-03 18:41:42-05:00,23.5,0.24,96.08,98.87,6.38
1710,2021-01-03 18:54:02-05:00,23.44,0.24,96.32,99.25,6.53
1711,2021-01-03 19:06:22-05:00,23.44,0.24,95.88,98.8,6.68
1714,2021-01-03 19:43:23-05:00,23.38,0.24,96.9,99.96,6.32
1715,2021-01-03 19:55:44-05:00,23.12,0.24,98.12,101.71,6.27
1716,2021-01-03 20:08:04-05:00,23.0,0.24,97.77,101.6,5.78
1717,2021-01-03 20:20:24-05:00,23.0,0.24,97.74,101.57,6.27
1718,2021-01-03 20:32:45-05:00,23.0,0.24,97.56,101.38,5.97
1719,2021-01-03 20:45:05-05:00,23.0,0.24,97.2,101.0,6.12
1720,2021-01-03 20:57:26-05:00,23.0,0.24,97.63,101.46,6.63
1721,2021-01-03 21:09:46-05:00,23.0,0.24,97.53,101.35,6.38
1722,2021-01-03 21:22:07-05:00,22.94,0.24,97.05,100.98,6.48
1723,2021-01-03 21:34:27-05:00,22.94,0.24,97.51,101.45,6.99
1726,2021-01-03 22:11:28-05:00,22.94,0.24,97.44,101.38,6.94
1727,2021-01-03 22:23:48-05:00,22.94,0.24,97.64,101.59,6.99
1728,2021-01-03 22:36:09-05:00,22.87,0.24,98.17,102.27,6.58
1729,2021-01-03 22:48:29-05:00,22.62,0.25,98.42,103.04,6.07
1730,2021-01-03 23:00:49-05:00,22.31,0.24,97.82,103.03,5.8
1731,2021-01-03 23:13:10-05:00,22.25,0.24,97.41,102.74,6.27
1733,2021-01-03 23:37:51-05:00,22.25,0.24,97.58,102.92,6.17
1734,2021-01-03 23:50:11-05:00,22.25,0.24,97.72,103.07,6.32
1735,2021-01-04 00:02:31-05:00,22.25,0.24,97.78,103.13,6.43
1736,2021-01-04 00:14:52-05:00,22.25,0.24,97.76,103.11,6.53
1739,2021-01-04 00:51:53-05:00,22.19,0.24,97.59,103.06,6.89
1741,2021-01-04 01:16:34-05:00,22.19,0.24,98.21,103.71,6.68
1743,2021-01-04 01:41:15-05:00,21.62,0.24,96.6,103.16,5.81
1744,2021-01-04 01:53:35-05:00,21.56,0.24,96.88,103.6,5.76
1745,2021-01-04 02:05:57-05:00,21.5,0.24,96.63,103.46,5.92
1746,2021-01-04 02:18:17-05:00,21.5,0.24,97.15,104.02,6.07
1747,2021-01-04 02:30:38-05:00,21.5,0.24,97.24,104.11,6.63
1748,2021-01-04 02:42:58-05:00,21.5,0.24,96.9,103.75,6.32
1749,2021-01-04 02:55:19-05:00,21.5,0.24,97.0,103.86,6.89
1750,2021-01-04 03:07:39-05:00,21.5,0.24,97.29,104.16,6.58
1753,2021-01-04 03:44:42-05:00,21.5,0.24,97.1,103.97,6.89
1754,2021-01-04 03:57:02-05:00,21.5,0.24,97.19,104.05,6.97
1755,2021-01-04 04:09:22-05:00,21.5,0.24,97.57,104.47,6.58
1756,2021-01-04 04:21:43-05:00,21.31,0.24,96.04,103.22,6.07
1757,2021-01-04 04:34:03-05:00,20.81,0.24,96.05,104.29,5.73
1758,2021-01-04 04:46:23-05:00,20.69,0.24,95.92,104.42,5.87
1759,2021-01-04 04:58:44-05:00,20.69,0.24,96.02,104.52,5.97
1760,2021-01-04 05:11:04-05:00,20.75,0.24,95.66,104.0,6.12
1761,2021-01-04 05:23:24-05:00,20.75,0.24,96.03,104.4,6.22
1762,2021-01-04 05:35:46-05:00,20.75,0.24,95.84,104.2,6.77
1763,2021-01-04 05:48:06-05:00,20.75,0.24,95.66,104.0,6.87
1764,2021-01-04 06:00:27-05:00,20.75,0.24,96.16,104.54,6.58
1765,2021-01-04 06:12:47-05:00,20.75,0.24,95.65,103.99,6.68
1766,2021-01-04 06:25:07-05:00,20.75,0.24,96.28,104.67,6.83
1767,2021-01-04 06:37:28-05:00,20.75,0.24,95.97,104.34,6.94
1768,2021-01-04 06:49:48-05:00,20.69,0.24,95.82,104.31,6.97
1769,2021-01-04 07:02:09-05:00,20.75,0.25,100.78,109.54,6.51
1770,2021-01-04 07:14:29-05:00,20.56,0.24,95.09,103.78,6.07
1771,2021-01-04 07:26:49-05:00,20.06,0.24,94.87,104.63,5.76
1776,2021-01-04 08:28:31-05:00,20.06,0.24,94.97,104.73,6.82
1777,2021-01-04 08:40:52-05:00,20.06,0.24,95.06,104.83,6.56
1778,2021-01-04 08:53:12-05:00,20.06,0.24,95.25,105.04,6.73
1780,2021-01-04 09:17:53-05:00,20.06,0.24,95.4,105.21,6.92
1783,2021-01-04 09:54:54-05:00,20.25,0.24,97.25,106.82,6.58
1784,2021-01-04 10:07:14-05:00,20.37,0.24,96.34,105.55,5.81
1785,2021-01-04 10:19:34-05:00,20.56,0.24,96.61,105.43,6.17
1786,2021-01-04 10:31:55-05:00,20.62,0.24,96.85,105.56,5.97
1787,2021-01-04 10:44:15-05:00,20.69,0.24,97.17,105.77,6.12
1788,2021-01-04 10:56:36-05:00,20.75,0.24,96.63,105.05,6.22
1789,2021-01-04 11:08:56-05:00,20.81,0.24,96.78,105.08,6.38
1790,2021-01-04 11:21:16-05:00,20.81,0.24,97.18,105.51,6.48
1791,2021-01-04 11:33:37-05:00,20.88,0.24,96.93,105.11,6.58
