created_at,entry_id,field1,field2,field3,field4,field5,latitude,longitude,elevation,status
2020-12-23 17:21:20 IST,1,23.56,0.00,0.00,0.00,0.00,,,,
2020-12-23 18:39:28 IST,2,0.00,0.00,0.00,0.00,0.03,,,,
2020-12-23 18:44:40 IST,3,0.00,0.00,0.00,0.00,0.00,,,,
2020-12-24 00:58:12 IST,4,20.62,0.20,81.82,89.23,3.33,,,,
2020-12-24 01:10:33 IST,5,20.62,0.20,81.40,88.78,3.33,,,,
2020-12-24 01:22:54 IST,6,20.62,0.20,82.21,89.66,3.74,,,,
2020-12-24 01:35:15 IST,7,20.62,0.20,81.83,89.25,3.38,,,,
2020-12-24 01:47:35 IST,8,20.62,0.20,82.14,89.58,3.33,,,,
2020-12-24 01:59:57 IST,9,20.62,0.20,82.09,89.54,3.74,,,,
2020-12-24 02:12:17 IST,10,20.62,0.20,83.02,90.55,3.33,,,,
2020-12-24 02:24:38 IST,11,20.56,0.20,81.64,89.16,3.33,,,,
2020-12-24 02:36:59 IST,12,20.19,0.20,81.23,89.40,3.28,,,,
2020-12-24 02:49:20 IST,13,20.19,0.20,81.17,89.35,3.28,,,,
2020-12-24 03:01:41 IST,14,20.19,0.20,81.27,89.45,3.33,,,,
2020-12-24 03:38:49 IST,15,20.25,0.20,81.58,89.67,3.74,,,,
2020-12-24 03:51:10 IST,16,20.25,0.20,81.35,89.42,3.79,,,,
2020-12-24 04:03:31 IST,17,20.25,0.20,81.55,89.64,3.38,,,,
2020-12-24 04:15:52 IST,18,20.25,0.20,81.37,89.45,3.38,,,,
2020-12-24 04:28:13 IST,19,20.25,0.20,80.98,89.02,3.33,,,,
2020-12-24 04:40:33 IST,20,20.19,0.20,81.43,89.63,3.33,,,,
2020-12-24 04:52:54 IST,21,20.25,0.20,80.78,88.80,3.43,,,,
2020-12-24 05:05:15 IST,22,20.25,0.21,84.30,92.66,3.69,,,,
2020-12-24 05:17:36 IST,23,20.12,0.20,80.74,88.99,3.33,,,,
2020-12-24 05:29:57 IST,24,19.56,0.20,80.34,89.61,3.69,,,,
2020-12-24 05:42:18 IST,25,19.50,0.20,80.01,89.36,3.74,,,,
2020-12-24 15:40:27 IST,26,0.00000,0.00000,0.00000,,,,,,
2020-12-24 15:40:47 IST,27,0.00000,0.00000,0.00000,,,,,,
2020-12-24 15:41:08 IST,28,0.00000,0.00000,0.00000,,,,,,
1970-01-01 05:30:00 IST,29,0.00,0.00,0.00,0.00,0.00,,,,
2020-12-24 15:50:17 IST,30,0.00,0.00,0.00,0.00,0.00,,,,
2020-12-24 15:51:41 IST,31,0.00,0.00,0.00,0.00,0.00,,,,
2020-12-24 15:55:00 IST,32,25.50,0.00,0.00,0.00,0.00,,,,
2020-12-24 15:56:27 IST,33,26.00,0.00,0.00,0.00,0.00,,,,
2020-12-24 15:57:52 IST,34,26.25,0.00,0.00,0.00,0.00,,,,
2020-12-24 15:59:18 IST,35,26.25,0.00,0.00,0.00,0.00,,,,
2020-12-24 16:00:44 IST,36,26.37,0.00,0.00,0.00,0.00,,,,
2020-12-24 16:02:11 IST,37,26.50,0.00,0.00,0.00,0.00,,,,
2020-12-24 16:03:35 IST,38,26.44,0.00,0.00,0.00,0.00,,,,
2020-12-24 16:05:00 IST,39,26.50,0.00,0.00,0.00,0.00,,,,
2020-12-24 16:06:26 IST,40,26.56,0.00,0.00,0.00,0.00,,,,
2020-12-24 16:07:51 IST,41,26.62,0.00,0.00,0.00,0.00,,,,
2020-12-24 16:09:16 IST,42,26.75,0.00,0.00,0.00,0.00,,,,
2020-12-24 16:23:39 IST,43,85.00,0.00,0.00,0.00,0.00,,,,
2020-12-24 16:25:06 IST,44,26.50,0.00,0.00,0.00,0.00,,,,
2020-12-24 16:25:48 IST,45,26.50,0.00,0.00,0.00,0.00,,,,
2020-12-24 16:27:27 IST,46,26.19,0.00,0.00,0.00,0.00,,,,
2020-12-24 16:28:09 IST,47,26.12,0.00,0.00,0.00,0.00,,,,
2020-12-24 16:28:56 IST,48,26.12,0.00,0.00,0.00,0.00,,,,
2020-12-24 16:29:43 IST,49,26.12,0.00,0.00,0.00,0.00,,,,
2020-12-24 16:30:30 IST,50,26.12,0.00,0.00,0.00,0.00,,,,
2020-12-24 16:31:16 IST,51,26.19,0.00,0.00,0.00,0.00,,,,
2020-12-24 16:32:03 IST,52,26.19,0.00,0.00,0.00,0.00,,,,
2020-12-24 16:32:50 IST,53,26.19,0.00,0.00,0.00,0.00,,,,
2020-12-24 16:33:37 IST,54,26.19,0.00,0.00,0.00,0.00,,,,
2020-12-24 16:34:24 IST,55,26.19,0.00,0.00,0.00,0.00,,,,
2020-12-24 16:35:11 IST,56,26.19,0.00,0.00,0.00,0.00,,,,
2020-12-24 16:35:59 IST,57,26.19,0.00,0.00,0.00,0.00,,,,
2020-12-24 16:37:28 IST,58,26.06,0.00,0.00,0.00,0.00,,,,
2020-12-24 16:38:11 IST,59,26.06,0.00,0.00,0.00,0.00,,,,
2020-12-24 16:38:53 IST,60,26.06,0.00,0.00,0.00,0.00,,,,
2020-12-24 16:39:41 IST,61,26.06,0.00,0.00,0.00,0.00,,,,
2020-12-24 16:40:28 IST,62,26.06,0.00,0.00,0.00,0.00,,,,
2020-12-24 16:41:15 IST,63,26.06,0.00,0.00,0.00,0.00,,,,
2020-12-24 16:42:02 IST,64,26.06,0.00,0.00,0.00,0.00,,,,
2020-12-24 16:42:50 IST,65,26.06,0.00,0.00,0.00,0.00,,,,
2020-12-24 16:43:37 IST,66,26.12,0.00,0.00,0.00,0.00,,,,
2020-12-24 16:44:24 IST,67,26.19,0.00,0.00,0.00,0.00,,,,
2020-12-24 16:45:56 IST,68,26.25,0.00,0.00,0.00,0.00,,,,
2020-12-24 16:46:38 IST,69,26.25,0.00,0.00,0.00,0.00,,,,
2020-12-24 16:48:06 IST,70,26.31,0.00,0.00,0.00,0.00,,,,
2020-12-24 16:48:50 IST,71,26.31,0.00,0.00,0.00,0.00,,,,
2020-12-24 16:49:32 IST,72,26.31,0.00,0.00,0.00,0.00,,,,
2020-12-24 16:50:18 IST,73,26.31,0.00,0.00,0.00,0.00,,,,
2020-12-24 16:51:05 IST,74,26.31,0.00,0.00,0.00,0.00,,,,
2020-12-24 16:51:53 IST,75,26.31,0.00,0.00,0.00,0.00,,,,
2020-12-24 16:52:40 IST,76,26.31,0.00,0.00,0.00,0.00,,,,
2020-12-24 16:53:27 IST,77,26.31,0.00,0.00,0.00,0.00,,,,
2020-12-24 16:54:14 IST,78,26.31,0.00,0.00,0.00,0.00,,,,
2020-12-24 16:55:01 IST,79,26.31,0.00,0.00,0.00,0.00,,,,
2020-12-24 16:59:56 IST,80,26.19,0.00,0.00,0.00,0.00,,,,
2020-12-24 17:00:41 IST,81,0.00,0.00,0.00,0.00,0.00,,,,
2020-12-24 17:02:03 IST,82,26.12,0.00,0.00,0.00,0.00,,,,
2020-12-24 17:02:48 IST,83,0.00,0.00,0.00,0.00,0.00,,,,
2020-12-24 17:03:31 IST,84,0.00,0.00,0.00,0.00,0.00,,,,
2020-12-24 17:04:18 IST,85,0.00,0.00,0.00,0.00,0.00,,,,
2020-12-24 17:05:05 IST,86,0.00,0.00,0.00,0.00,0.00,,,,
2020-12-24 17:07:01 IST,87,25.94,0.00,0.00,0.00,0.00,,,,
2020-12-24 17:07:46 IST,88,0.00,0.00,0.00,0.00,0.00,,,,
2020-12-24 17:09:38 IST,89,26.00,0.00,0.00,0.00,0.00,,,,
2020-12-24 17:10:23 IST,90,0.00,0.00,0.00,0.00,0.00,,,,
2020-12-24 17:11:05 IST,91,0.00,0.00,0.00,0.00,0.00,,,,
2020-12-24 17:11:52 IST,92,0.00,0.00,0.00,0.00,0.00,,,,
2020-12-24 17:12:38 IST,93,0.00,0.00,0.00,0.00,0.00,,,,
2020-12-24 17:13:25 IST,94,0.00,0.00,0.00,0.00,0.00,,,,
2020-12-24 17:14:12 IST,95,0.00,0.00,0.00,0.00,0.00,,,,
2020-12-24 17:14:59 IST,96,0.00,0.00,0.00,0.00,0.00,,,,
2020-12-24 17:16:50 IST,97,26.00,0.00,0.00,0.00,0.00,,,,
2020-12-24 17:17:35 IST,98,0.00,0.00,0.00,0.00,0.00,,,,
2020-12-24 17:18:29 IST,99,0.00000,0.00000,0.00000,,,,,,
2020-12-24 17:18:17 IST,100,0.00,0.00,0.00,0.00,0.00,,,,
2020-12-24 17:19:03 IST,101,0.00,0.00,0.00,0.00,0.00,,,,
2020-12-24 17:19:51 IST,102,0.00,0.00,0.00,0.00,0.00,,,,
2020-12-24 17:20:38 IST,103,0.00,0.00,0.00,0.00,0.00,,,,
2020-12-24 17:21:24 IST,104,0.00,0.00,0.00,0.00,0.00,,,,
2020-12-24 17:22:11 IST,105,0.00,0.00,0.00,0.00,0.00,,,,
2020-12-24 17:23:46 IST,106,25.88,0.00,0.00,0.00,0.00,,,,
2020-12-24 17:24:32 IST,107,0.00,0.00,0.00,0.00,0.00,,,,
2020-12-24 17:25:16 IST,108,0.00,0.00,0.00,0.00,0.00,,,,
2020-12-24 17:25:59 IST,109,0.00,0.00,0.00,0.00,0.00,,,,
2020-12-24 17:26:54 IST,110,0.00000,0.00000,0.00000,,,,,,
2020-12-24 17:27:15 IST,111,0.00000,0.00000,0.00000,,,,,,
2020-12-24 17:26:43 IST,112,0.00,0.00,0.00,0.00,0.00,,,,
2020-12-24 17:28:14 IST,113,0.00000,0.00000,0.00000,,,,,,
2020-12-24 17:28:40 IST,114,0.00000,0.00000,0.00000,,,,,,
2020-12-24 17:29:01 IST,115,0.00000,0.00000,0.00000,,,,,,
2020-12-24 17:27:26 IST,116,0.00,0.00,0.00,0.00,0.00,,,,
2020-12-24 17:28:09 IST,117,0.00,0.00,0.00,0.00,0.00,,,,
2020-12-24 17:28:52 IST,118,0.00,0.00,0.00,0.00,0.00,,,,
2020-12-24 17:31:36 IST,119,0.00000,0.00000,0.00000,,,,,,
2020-12-24 17:31:57 IST,120,0.00000,0.00000,0.00000,,,,,,
2020-12-24 17:32:37 IST,121,0.00000,0.00000,0.00000,,,,,,
2020-12-24 17:29:36 IST,122,0.00,0.00,0.00,0.00,0.00,,,,
2020-12-24 17:30:19 IST,123,0.00,0.00,0.00,0.00,0.00,,,,
2020-12-24 17:31:02 IST,124,0.00,0.00,0.00,0.00,0.00,,,,
2020-12-24 17:36:51 IST,125,25.75,0.00,0.00,0.00,0.00,,,,
2020-12-24 17:37:34 IST,126,0.00,0.00,0.00,0.00,0.00,,,,
2020-12-24 17:38:16 IST,127,0.00,0.00,0.00,0.00,0.00,,,,
2020-12-24 17:38:58 IST,128,0.00,0.00,0.00,0.00,0.00,,,,
2020-12-24 17:39:40 IST,129,0.00,0.00,0.00,0.00,0.00,,,,
2020-12-24 17:40:22 IST,130,25.75,0.00,0.00,0.00,0.00,,,,
2020-12-24 17:41:04 IST,131,0.00,0.00,0.00,0.00,0.00,,,,
2020-12-24 17:41:50 IST,132,0.00,0.00,0.00,0.00,0.00,,,,
2020-12-24 17:42:34 IST,133,0.00,0.00,0.00,0.00,0.00,,,,
2020-12-24 17:43:17 IST,134,25.81,0.00,0.00,0.00,0.00,,,,
2020-12-24 17:43:59 IST,135,0.00,0.00,0.00,0.00,0.00,,,,
2020-12-24 17:44:41 IST,136,0.00,0.00,0.00,0.00,0.00,,,,
2020-12-24 17:46:04 IST,137,25.75,0.00,0.00,0.00,0.00,,,,
2020-12-24 17:46:46 IST,138,0.00,0.00,0.00,0.00,0.00,,,,
2020-12-24 17:47:28 IST,139,0.00,0.00,0.00,0.00,0.00,,,,
2020-12-24 17:48:10 IST,140,25.62,0.00,0.00,0.00,0.00,,,,
2020-12-24 17:48:53 IST,141,0.00,0.00,0.00,0.00,0.00,,,,
2020-12-24 17:51:02 IST,142,25.75,0.00,0.00,0.00,0.00,,,,
2020-12-24 17:51:45 IST,143,0.00,0.00,0.00,0.00,0.00,,,,
2020-12-24 17:52:28 IST,144,0.00,0.00,0.00,0.00,0.00,,,,
2020-12-24 17:53:12 IST,145,0.00,0.00,0.00,0.00,0.00,,,,
2020-12-24 17:53:55 IST,146,0.00,0.00,0.00,0.00,0.00,,,,
2020-12-24 17:54:38 IST,147,0.00,0.00,0.00,0.00,0.00,,,,
2020-12-24 17:57:11 IST,148,25.75,0.00,0.00,0.00,0.00,,,,
2020-12-24 17:57:54 IST,149,0.00,0.00,0.00,0.00,0.00,,,,
2020-12-24 17:58:38 IST,150,0.00,0.00,0.00,0.00,0.00,,,,
2020-12-24 17:59:21 IST,151,0.00,0.00,0.00,0.00,0.00,,,,
2020-12-24 18:00:04 IST,152,0.00,0.00,0.00,0.00,0.00,,,,
2020-12-24 18:00:47 IST,153,0.00,0.00,0.00,0.00,0.00,,,,
2020-12-24 18:01:30 IST,154,0.00,0.00,0.00,0.00,0.00,,,,
2020-12-24 18:02:14 IST,155,0.00,0.00,0.00,0.00,0.00,,,,
2020-12-24 18:02:58 IST,156,0.00,0.00,0.00,0.00,0.00,,,,
2020-12-24 18:03:41 IST,157,0.00,0.00,0.00,0.00,0.00,,,,
2020-12-24 18:04:24 IST,158,0.00,0.00,0.00,0.00,0.00,,,,
2020-12-24 18:05:08 IST,159,0.00,0.00,0.00,0.00,0.00,,,,
2020-12-24 18:06:31 IST,160,25.62,0.00,0.00,0.00,0.00,,,,
2020-12-24 18:07:14 IST,161,0.00,0.00,0.00,0.00,0.00,,,,
2020-12-24 18:07:58 IST,162,0.00,0.00,0.00,0.00,0.00,,,,
2020-12-24 18:08:41 IST,163,0.00,0.00,0.00,0.00,0.00,,,,
2020-12-24 18:09:24 IST,164,0.00,0.00,0.00,0.00,0.00,,,,
2020-12-24 18:10:08 IST,165,0.00,0.00,0.00,0.00,0.00,,,,
2020-12-24 18:10:51 IST,166,0.00,0.00,0.00,0.00,0.00,,,,
2020-12-24 18:11:34 IST,167,0.00,0.00,0.00,0.00,0.00,,,,
2020-12-24 18:12:18 IST,168,0.00,0.00,0.00,0.00,0.00,,,,
2020-12-24 18:13:01 IST,169,0.00,0.00,0.00,0.00,0.00,,,,
2020-12-24 18:13:44 IST,170,0.00,0.00,0.00,0.00,0.00,,,,
2020-12-24 18:14:28 IST,171,0.00,0.00,0.00,0.00,0.00,,,,
2020-12-24 18:15:52 IST,172,25.69,0.00,0.00,0.00,0.00,,,,
2020-12-24 18:16:35 IST,173,0.00,0.00,0.00,0.00,0.00,,,,
2020-12-24 18:17:18 IST,174,0.00,0.00,0.00,0.00,0.00,,,,
2020-12-24 18:18:01 IST,175,0.00,0.00,0.00,0.00,0.00,,,,
2020-12-24 18:18:45 IST,176,0.00,0.00,0.00,0.00,0.00,,,,
2020-12-24 18:19:36 IST,177,0.00,0.00,0.00,0.00,0.00,,,,
2020-12-24 18:20:20 IST,178,0.00,0.00,0.00,0.00,0.00,,,,
2020-12-24 18:21:03 IST,179,0.00,0.00,0.00,0.00,0.00,,,,
2020-12-24 18:21:46 IST,180,0.00,0.00,0.00,0.00,0.00,,,,
2020-12-24 18:22:29 IST,181,0.00,0.00,0.00,0.00,0.00,,,,
2020-12-24 18:23:13 IST,182,0.00,0.00,0.00,0.00,0.00,,,,
2020-12-24 18:23:56 IST,183,0.00,0.00,0.00,0.00,0.00,,,,
2020-12-24 18:25:19 IST,184,25.50,0.00,0.00,0.00,0.00,,,,
2020-12-24 18:26:01 IST,185,0.00,0.00,0.00,0.00,0.00,,,,
2020-12-24 18:26:44 IST,186,0.00,0.00,0.00,0.00,0.00,,,,
2020-12-24 18:27:27 IST,187,0.00,0.00,0.00,0.00,0.00,,,,
2020-12-24 18:28:11 IST,188,0.00,0.00,0.00,0.00,0.00,,,,
2020-12-24 18:28:54 IST,189,0.00,0.00,0.00,0.00,0.00,,,,
2020-12-24 18:29:36 IST,190,0.00,0.00,0.00,0.00,0.00,,,,
2020-12-24 18:30:19 IST,191,0.00,0.00,0.00,0.00,0.00,,,,
2020-12-24 18:31:02 IST,192,0.00,0.00,0.00,0.00,0.00,,,,
2020-12-24 18:31:45 IST,193,0.00,0.00,0.00,0.00,0.00,,,,
2020-12-24 18:32:31 IST,194,0.00,0.00,0.00,0.00,0.00,,,,
2020-12-24 18:33:14 IST,195,0.00,0.00,0.00,0.00,0.00,,,,
2020-12-24 18:34:38 IST,196,25.25,0.00,0.00,0.00,0.00,,,,
2020-12-24 18:35:21 IST,197,0.00,0.00,0.00,0.00,0.00,,,,
2020-12-24 18:36:04 IST,198,0.00,0.00,0.00,0.00,0.00,,,,
2020-12-24 18:36:48 IST,199,0.00,0.00,0.00,0.00,0.00,,,,
2020-12-24 18:37:31 IST,200,0.00,0.00,0.00,0.00,0.00,,,,
2020-12-24 18:38:14 IST,201,0.00,0.00,0.00,0.00,0.00,,,,
2020-12-24 18:38:57 IST,202,0.00,0.00,0.00,0.00,0.00,,,,
2020-12-24 18:39:41 IST,203,0.00,0.00,0.00,0.00,0.00,,,,
2020-12-24 18:40:24 IST,204,0.00,0.00,0.00,0.00,0.00,,,,
2020-12-24 18:41:07 IST,205,0.00,0.00,0.00,0.00,0.00,,,,
2020-12-24 18:41:50 IST,206,0.00,0.00,0.00,0.00,0.00,,,,
2020-12-24 18:42:34 IST,207,0.00,0.00,0.00,0.00,0.00,,,,
2020-12-24 18:43:57 IST,208,25.19,0.00,0.00,0.00,0.00,,,,
2020-12-24 18:44:41 IST,209,0.00,0.00,0.00,0.00,0.00,,,,
2020-12-24 18:45:24 IST,210,0.00,0.00,0.00,0.00,0.00,,,,
2020-12-24 18:46:07 IST,211,0.00,0.00,0.00,0.00,0.00,,,,
2020-12-24 18:46:50 IST,212,0.00,0.00,0.00,0.00,0.00,,,,
2020-12-24 18:47:34 IST,213,0.00,0.00,0.00,0.00,0.00,,,,
2020-12-24 19:04:03 IST,214,85.00,0.00,0.00,0.00,0.00,,,,
2020-12-24 19:04:46 IST,215,0.00,0.00,0.00,0.00,0.00,,,,
2020-12-24 19:06:44 IST,216,23.56,0.00,0.00,0.00,0.00,,,,
2020-12-24 19:07:27 IST,217,0.00,0.00,0.00,0.00,0.00,,,,
2020-12-24 19:08:15 IST,218,0.00,0.00,0.00,0.00,0.00,,,,
2020-12-24 19:08:58 IST,219,0.00,0.00,0.00,0.00,0.00,,,,
2020-12-24 19:09:43 IST,220,0.00,0.00,0.00,0.00,0.00,,,,
2020-12-25 17:26:55 IST,221,85.00,0.00,0.00,0.00,0.00,,,,
2020-12-25 17:38:08 IST,222,24.50,0.00,0.00,0.00,0.00,,,,
2020-12-25 17:46:48 IST,223,24.44,0.00,0.00,0.00,0.00,,,,
2020-12-25 17:38:51 IST,224,0.00,0.00,0.00,0.00,0.00,,,,
2020-12-25 17:39:35 IST,225,24.50,0.00,0.00,0.00,0.00,,,,
2020-12-25 17:40:18 IST,226,0.00,0.00,0.00,0.00,0.00,,,,
2020-12-25 17:41:01 IST,227,24.50,0.00,0.00,0.00,0.00,,,,
2020-12-25 17:41:44 IST,228,0.00,0.00,0.00,0.00,0.00,,,,
2020-12-25 17:42:28 IST,229,24.50,0.00,0.00,0.00,0.00,,,,
2020-12-25 17:43:11 IST,230,0.00,0.00,0.00,0.00,0.00,,,,
2020-12-25 17:43:54 IST,231,24.44,0.00,0.00,0.00,0.00,,,,
2020-12-25 17:44:38 IST,232,0.00,0.00,0.00,0.00,0.00,,,,
2020-12-25 17:54:49 IST,233,24.37,0.00,0.00,0.00,0.00,,,,
2020-12-25 18:03:28 IST,234,24.44,0.00,0.00,0.00,0.00,,,,
2020-12-25 17:55:32 IST,235,0.00,0.00,0.00,0.00,0.00,,,,
2020-12-25 17:56:15 IST,236,24.37,0.00,0.00,0.00,0.00,,,,
2020-12-25 17:56:59 IST,237,0.00,0.00,0.00,0.00,0.00,,,,
2020-12-25 17:57:42 IST,238,24.37,0.00,0.00,0.00,0.00,,,,
2020-12-25 17:58:25 IST,239,0.00,0.00,0.00,0.00,0.00,,,,
2020-12-25 17:59:08 IST,240,24.37,0.00,0.00,0.00,0.00,,,,
2020-12-25 17:59:52 IST,241,0.00,0.00,0.00,0.00,0.00,,,,
2020-12-25 18:00:35 IST,242,24.37,0.00,0.00,0.00,0.00,,,,
2020-12-25 18:16:31 IST,243,24.56,0.00,0.00,0.00,0.00,,,,
2020-12-25 18:25:10 IST,244,24.56,0.00,0.00,0.00,0.00,,,,
2020-12-25 18:17:14 IST,245,0.00,0.00,0.00,0.00,0.00,,,,
2020-12-25 18:17:57 IST,246,24.63,0.00,0.00,0.00,0.00,,,,
2020-12-25 18:18:41 IST,247,0.00,0.00,0.00,0.00,0.00,,,,
2020-12-25 18:19:24 IST,248,0.00,0.00,0.00,0.00,0.00,,,,
2020-12-25 18:20:07 IST,249,0.00,0.00,0.00,0.00,0.00,,,,
2020-12-25 18:20:50 IST,250,0.00,0.00,0.00,0.00,0.00,,,,
2020-12-25 18:21:34 IST,251,0.00,0.00,0.00,0.00,0.00,,,,
2020-12-25 18:22:17 IST,252,0.00,0.00,0.00,0.00,0.00,,,,
2020-12-25 18:32:46 IST,253,24.69,0.00,0.00,0.00,0.00,,,,
2020-12-25 18:35:39 IST,254,24.69,0.00,0.00,0.00,0.00,,,,
2020-12-25 18:33:29 IST,255,0.00,0.00,0.00,0.00,0.00,,,,
2020-12-25 18:34:12 IST,256,0.00,0.00,0.00,0.00,0.00,,,,
2020-12-25 18:34:56 IST,257,0.00,0.00,0.00,0.00,0.00,,,,
2020-12-25 18:36:20 IST,258,24.69,0.00,0.00,0.00,0.00,,,,
2020-12-25 18:37:03 IST,259,0.00,0.00,0.00,0.00,0.00,,,,
2020-12-25 18:37:47 IST,260,0.00,0.00,0.00,0.00,0.00,,,,
2020-12-25 18:38:32 IST,261,0.00,0.00,0.00,0.00,0.00,,,,
2020-12-25 18:39:56 IST,262,24.69,0.00,0.00,0.00,0.00,,,,
2020-12-25 18:40:40 IST,263,0.00,0.00,0.00,0.00,0.00,,,,
2020-12-25 18:41:24 IST,264,0.00,0.00,0.00,0.00,0.00,,,,
2020-12-25 18:42:09 IST,265,0.00,0.00,0.00,0.00,0.00,,,,
2020-12-25 18:43:33 IST,266,24.69,0.00,0.00,0.00,0.00,,,,
2020-12-25 18:44:17 IST,267,0.00,0.00,0.00,0.00,0.00,,,,
2020-12-25 18:45:01 IST,268,0.00,0.00,0.00,0.00,0.00,,,,
2020-12-25 18:45:46 IST,269,0.00,0.00,0.00,0.00,0.00,,,,
2020-12-25 18:47:10 IST,270,24.69,0.00,0.00,0.00,0.00,,,,
2020-12-25 18:47:54 IST,271,0.00,0.00,0.00,0.00,0.00,,,,
2020-12-25 18:48:38 IST,272,0.00,0.00,0.00,0.00,0.00,,,,
2020-12-25 18:49:24 IST,273,0.00,0.00,0.00,0.00,0.00,,,,
2020-12-25 18:50:47 IST,274,24.69,0.00,0.00,0.00,0.00,,,,
2020-12-25 18:51:32 IST,275,0.00,0.00,0.00,0.00,0.00,,,,
2020-12-25 18:52:16 IST,276,0.00,0.00,0.00,0.00,0.00,,,,
2020-12-25 18:53:01 IST,277,0.00,0.00,0.00,0.00,0.00,,,,
2020-12-25 18:54:25 IST,278,24.69,0.00,0.00,0.00,0.00,,,,
2020-12-25 18:55:09 IST,279,0.00,0.00,0.00,0.00,0.00,,,,
2020-12-25 18:55:53 IST,280,0.00,0.00,0.00,0.00,0.00,,,,
2020-12-25 18:56:38 IST,281,0.00,0.00,0.00,0.00,0.00,,,,
2020-12-25 18:58:02 IST,282,24.69,0.00,0.00,0.00,0.00,,,,
2020-12-25 19:02:36 IST,283,25.56,0.00,0.00,0.00,0.00,,,,
2020-12-25 19:05:29 IST,284,25.56,0.00,0.00,0.00,0.00,,,,
2020-12-25 19:03:19 IST,285,0.00,0.00,0.00,0.00,0.00,,,,
2020-12-25 19:04:03 IST,286,0.00,0.00,0.00,0.00,0.00,,,,
2020-12-25 19:04:46 IST,287,0.00,0.00,0.00,0.00,0.00,,,,
2020-12-25 19:06:11 IST,288,25.56,0.00,0.00,0.00,0.00,,,,
2020-12-25 19:06:53 IST,289,0.00,0.00,0.00,0.00,0.00,,,,
2020-12-25 19:07:37 IST,290,0.00,0.00,0.00,0.00,0.00,,,,
2020-12-25 19:08:22 IST,291,0.00,0.00,0.00,0.00,0.00,,,,
2020-12-25 19:09:46 IST,292,25.56,0.00,0.00,0.00,0.00,,,,
2020-12-25 19:10:31 IST,293,0.00,0.00,0.00,0.00,0.00,,,,
2020-12-25 19:11:15 IST,294,0.00,0.00,0.00,0.00,0.00,,,,
2020-12-25 19:12:00 IST,295,0.00,0.00,0.00,0.00,0.00,,,,
2020-12-25 19:13:24 IST,296,25.56,0.00,0.00,0.00,0.00,,,,
2020-12-25 19:14:08 IST,297,0.00,0.00,0.00,0.00,0.00,,,,
2020-12-25 19:14:52 IST,298,0.00,0.00,0.00,0.00,0.00,,,,
2020-12-25 19:15:38 IST,299,0.00,0.00,0.00,0.00,0.00,,,,
2020-12-25 19:17:02 IST,300,25.56,0.00,0.00,0.00,0.00,,,,
2020-12-25 19:17:46 IST,301,0.00,0.00,0.00,0.00,0.00,,,,
2020-12-25 19:18:30 IST,302,0.00,0.00,0.00,0.00,0.00,,,,
2020-12-25 19:19:15 IST,303,0.00,0.00,0.00,0.00,0.00,,,,
2020-12-25 19:20:40 IST,304,25.56,0.00,0.00,0.00,0.00,,,,
2020-12-25 19:21:24 IST,305,0.00,0.00,0.00,0.00,0.00,,,,
2020-12-25 19:22:08 IST,306,0.00,0.00,0.00,0.00,0.00,,,,
2020-12-25 19:22:53 IST,307,0.00,0.00,0.00,0.00,0.00,,,,
2020-12-25 19:24:17 IST,308,25.56,0.00,0.00,0.00,0.00,,,,
2020-12-25 19:25:01 IST,309,0.00,0.00,0.00,0.00,0.00,,,,
2020-12-25 19:25:45 IST,310,0.00,0.00,0.00,0.00,0.00,,,,
2020-12-25 19:26:30 IST,311,0.00,0.00,0.00,0.00,0.00,,,,
2020-12-25 19:27:54 IST,312,25.56,0.00,0.00,0.00,0.00,,,,
2020-12-25 19:28:39 IST,313,0.00,0.00,0.00,0.00,0.00,,,,
2020-12-25 19:29:23 IST,314,0.00,0.00,0.00,0.00,0.00,,,,
2020-12-25 19:30:08 IST,315,0.00,0.00,0.00,0.00,0.00,,,,
2020-12-25 19:31:32 IST,316,25.56,0.00,0.00,0.00,0.00,,,,
2020-12-25 19:32:17 IST,317,0.00,0.00,0.00,0.00,0.00,,,,
2020-12-25 19:33:01 IST,318,0.00,0.00,0.00,0.00,0.00,,,,
2020-12-25 19:33:46 IST,319,0.00,0.00,0.00,0.00,0.00,,,,
2020-12-25 19:35:10 IST,320,25.56,0.00,0.00,0.00,0.00,,,,
2020-12-25 19:35:54 IST,321,0.00,0.00,0.00,0.00,0.00,,,,
2020-12-25 19:36:38 IST,322,0.00,0.00,0.00,0.00,0.00,,,,
2020-12-25 19:37:23 IST,323,0.00,0.00,0.00,0.00,0.00,,,,
2020-12-25 19:38:47 IST,324,25.56,0.00,0.00,0.00,0.00,,,,
2020-12-25 19:39:32 IST,325,0.00,0.00,0.00,0.00,0.00,,,,
2020-12-25 19:40:16 IST,326,0.00,0.00,0.00,0.00,0.00,,,,
2020-12-25 19:41:01 IST,327,0.00,0.00,0.00,0.00,0.00,,,,
2020-12-25 19:42:25 IST,328,25.56,0.00,0.00,0.00,0.00,,,,
2020-12-25 19:43:10 IST,329,0.00,0.00,0.00,0.00,0.00,,,,
2020-12-25 19:43:54 IST,330,0.00,0.00,0.00,0.00,0.00,,,,
2020-12-25 19:44:39 IST,331,0.00,0.00,0.00,0.00,0.00,,,,
2020-12-25 19:46:03 IST,332,25.56,0.00,0.00,0.00,0.00,,,,
2020-12-25 19:46:47 IST,333,0.00,0.00,0.00,0.00,0.00,,,,
2020-12-25 19:47:31 IST,334,0.00,0.00,0.00,0.00,0.00,,,,
2020-12-25 19:48:16 IST,335,0.00,0.00,0.00,0.00,0.00,,,,
2020-12-25 19:49:40 IST,336,25.56,0.00,0.00,0.00,0.00,,,,
2020-12-25 19:50:24 IST,337,0.00,0.00,0.00,0.00,0.00,,,,
2020-12-25 19:51:08 IST,338,0.00,0.00,0.00,0.00,0.00,,,,
2020-12-25 19:51:53 IST,339,0.00,0.00,0.00,0.00,0.00,,,,
2020-12-25 19:53:17 IST,340,25.56,0.00,0.00,0.00,0.00,,,,
2020-12-25 19:54:02 IST,341,0.00,0.00,0.00,0.00,0.00,,,,
2020-12-25 19:54:46 IST,342,25.12,0.00,0.00,0.00,0.00,,,,
2020-12-25 19:55:31 IST,343,0.00,0.00,0.00,0.00,0.00,,,,
2020-12-25 19:56:55 IST,344,25.12,0.00,0.00,0.00,0.00,,,,
2020-12-25 19:57:39 IST,345,0.00,0.00,0.00,0.00,0.00,,,,
2020-12-25 19:58:23 IST,346,25.12,0.00,0.00,0.00,0.00,,,,
2020-12-25 19:59:08 IST,347,0.00,0.00,0.00,0.00,0.00,,,,
2020-12-25 20:00:33 IST,348,25.12,0.00,0.00,0.00,0.00,,,,
2020-12-25 20:01:17 IST,349,0.00,0.00,0.00,0.00,0.00,,,,
2020-12-25 20:02:01 IST,350,25.12,0.00,0.00,0.00,0.00,,,,
2020-12-25 20:02:46 IST,351,0.00,0.00,0.00,0.00,0.00,,,,
2020-12-25 20:04:10 IST,352,25.12,0.00,0.00,0.00,0.00,,,,
2020-12-25 20:12:31 IST,353,0.00,0.00,0.00,0.00,0.00,,,,
2020-12-25 20:11:04 IST,354,0.00,0.00,0.00,0.00,0.00,,,,
2020-12-25 20:11:48 IST,355,0.00,0.00,0.00,0.00,0.00,,,,
2020-12-25 20:13:15 IST,356,25.00,0.00,0.00,0.00,0.00,,,,
2020-12-25 20:13:57 IST,357,0.00,0.00,0.00,0.00,0.00,,,,
2020-12-25 20:14:38 IST,358,0.00,0.00,0.00,0.00,0.00,,,,
2020-12-25 20:20:28 IST,359,0.00,0.00,0.00,0.00,0.00,,,,
2020-12-25 20:19:00 IST,360,0.00,0.00,0.00,0.00,0.00,,,,
2020-12-25 20:19:45 IST,361,0.00,0.00,0.00,0.00,0.00,,,,
2020-12-25 20:21:12 IST,362,25.00,0.00,0.00,0.00,0.00,,,,
2020-12-25 20:21:54 IST,363,0.00,0.00,0.00,0.00,0.00,,,,
2020-12-25 20:22:36 IST,364,0.00,0.00,0.00,0.00,0.00,,,,
2020-12-25 20:23:17 IST,365,0.00,0.00,0.00,0.00,0.00,,,,
2020-12-25 20:24:01 IST,366,25.00,0.00,0.00,0.00,0.00,,,,
2020-12-25 20:24:42 IST,367,0.00,0.00,0.00,0.00,0.00,,,,
2020-12-25 20:25:24 IST,368,0.00,0.00,0.00,0.00,0.00,,,,
2020-12-25 20:26:06 IST,369,0.00,0.00,0.00,0.00,0.00,,,,
2020-12-25 20:26:49 IST,370,25.00,0.00,0.00,0.00,0.00,,,,
2020-12-25 20:27:31 IST,371,0.00,0.00,0.00,0.00,0.00,,,,
2020-12-25 20:28:12 IST,372,0.00,0.00,0.00,0.00,0.00,,,,
2020-12-25 20:28:54 IST,373,0.00,0.00,0.00,0.00,0.00,,,,
2020-12-25 20:29:38 IST,374,25.00,0.00,0.00,0.00,0.00,,,,
2020-12-25 20:30:19 IST,375,0.00,0.00,0.00,0.00,0.00,,,,
2020-12-25 20:31:01 IST,376,0.00,0.00,0.00,0.00,0.00,,,,
2020-12-25 20:31:42 IST,377,0.00,0.00,0.00,0.00,0.00,,,,
2020-12-25 20:32:26 IST,378,25.00,0.00,0.00,0.00,0.00,,,,
2020-12-25 20:35:50 IST,379,24.87,0.00,0.00,0.00,0.00,,,,
2020-12-25 20:36:33 IST,380,24.87,0.00,0.00,0.00,0.00,,,,
2020-12-25 20:37:17 IST,381,24.87,0.00,0.00,0.00,0.00,,,,
2020-12-25 23:37:18 IST,382,0.00,0.51,194.84,-11.34,0.00,,,,
2020-12-25 23:49:41 IST,383,0.00,0.51,195.25,-11.37,0.00,,,,
2020-12-26 00:02:03 IST,384,0.00,0.51,195.17,-11.36,0.00,,,,
2020-12-26 00:14:26 IST,385,0.00,0.51,195.39,-11.38,0.00,,,,
2020-12-26 00:26:49 IST,386,0.00,0.51,195.39,-11.38,0.00,,,,
2020-12-26 00:39:12 IST,387,0.00,0.51,195.17,-11.36,0.00,,,,
2020-12-26 00:51:35 IST,388,0.00,0.51,195.31,-11.37,0.00,,,,
2020-12-26 01:03:57 IST,389,0.00,0.51,195.31,-11.37,0.00,,,,
2020-12-26 01:16:20 IST,390,0.00,0.51,195.31,-11.37,0.00,,,,
2020-12-26 01:28:43 IST,391,0.00,0.51,195.92,-11.41,0.00,,,,
2020-12-26 01:41:06 IST,392,0.00,0.51,195.45,-11.38,0.00,,,,
2020-12-26 01:53:29 IST,393,0.00,0.51,195.39,-11.38,0.00,,,,
2020-12-26 02:05:52 IST,394,0.00,0.51,195.37,-11.37,0.00,,,,
2020-12-26 02:18:15 IST,395,0.00,0.51,195.45,-11.38,0.00,,,,
2020-12-26 02:30:38 IST,396,0.00,0.51,195.47,-11.38,0.00,,,,
2020-12-26 02:43:00 IST,397,0.00,0.51,195.44,-11.38,0.00,,,,
2020-12-26 02:55:23 IST,398,0.00,0.51,195.48,-11.38,0.00,,,,
2020-12-26 03:07:46 IST,399,0.00,0.52,196.31,-11.43,0.00,,,,
2020-12-26 03:20:09 IST,400,0.00,0.51,195.55,-11.39,0.00,,,,
2020-12-26 03:32:32 IST,401,0.00,0.51,195.52,-11.38,0.00,,,,
2020-12-26 03:44:55 IST,402,0.00,0.51,195.45,-11.38,0.00,,,,
2020-12-26 03:57:17 IST,403,0.00,0.51,195.44,-11.38,0.00,,,,
2020-12-26 04:09:40 IST,404,0.00,0.51,195.57,-11.39,0.00,,,,
2020-12-26 04:22:03 IST,405,0.00,0.51,195.56,-11.39,0.00,,,,
2020-12-26 04:34:26 IST,406,0.00,0.51,195.24,-11.37,0.00,,,,
2020-12-26 04:46:49 IST,407,0.00,0.51,195.60,-11.39,0.00,,,,
2020-12-26 04:59:11 IST,408,0.00,0.51,195.70,-11.40,0.00,,,,
2020-12-26 05:11:34 IST,409,0.00,0.51,195.67,-11.39,0.00,,,,
2020-12-26 05:23:57 IST,410,0.00,0.52,196.04,-11.42,0.00,,,,
2020-12-26 05:36:20 IST,411,0.00,0.51,195.73,-11.40,0.00,,,,
2020-12-26 05:48:43 IST,412,0.00,0.51,195.74,-11.40,0.00,,,,
2020-12-26 06:01:05 IST,413,0.00,0.51,195.78,-11.40,0.00,,,,
2020-12-26 06:13:28 IST,414,0.00,0.51,195.88,-11.41,0.00,,,,
2020-12-26 06:25:51 IST,415,0.00,0.51,195.88,-11.41,0.00,,,,
2020-12-26 06:38:14 IST,416,0.00,0.51,195.92,-11.41,0.00,,,,
2020-12-26 06:50:37 IST,417,0.00,0.52,196.35,-11.44,0.00,,,,
2020-12-26 07:03:00 IST,418,0.00,0.51,195.85,-11.41,0.00,,,,
2020-12-26 07:15:22 IST,419,0.00,0.52,196.20,-11.43,0.00,,,,
2020-12-26 07:27:45 IST,420,0.00,0.51,195.79,-11.40,0.00,,,,
2020-12-26 07:40:08 IST,421,0.00,0.51,195.85,-11.41,0.00,,,,
2020-12-26 07:52:31 IST,422,0.00,0.51,195.63,-11.39,0.00,,,,
2020-12-26 08:04:54 IST,423,0.00,0.51,195.55,-11.39,0.00,,,,
2020-12-26 08:17:17 IST,424,0.00,0.51,195.48,-11.38,0.00,,,,
2020-12-26 08:29:40 IST,425,0.00,0.51,195.53,-11.38,0.00,,,,
2020-12-26 08:42:03 IST,426,0.00,0.51,195.16,-11.36,0.00,,,,
2020-12-26 08:54:26 IST,427,0.00,0.51,195.18,-11.36,0.00,,,,
2020-12-26 09:06:48 IST,428,0.00,0.51,194.96,-11.35,0.00,,,,
2020-12-26 09:19:11 IST,429,0.00,0.51,194.81,-11.34,0.00,,,,
2020-12-26 09:31:34 IST,430,0.00,0.51,194.78,-11.34,0.00,,,,
2020-12-26 09:43:57 IST,431,0.00,0.51,194.55,-11.32,0.00,,,,
2020-12-26 09:56:18 IST,432,0.00,0.51,194.26,-11.30,0.00,,,,
2020-12-26 10:08:41 IST,433,0.00,0.51,194.00,-11.29,0.00,,,,
2020-12-26 10:21:03 IST,434,0.00,0.51,193.07,-11.23,0.00,,,,
2020-12-26 10:33:26 IST,435,0.00,0.51,192.56,-11.20,0.00,,,,
2020-12-26 10:45:49 IST,436,0.00,0.51,193.10,-11.23,0.00,,,,
2020-12-26 10:58:12 IST,437,0.00,0.50,192.43,-11.19,0.00,,,,
2020-12-26 11:10:35 IST,438,0.00,0.51,192.50,-11.19,0.00,,,,
2020-12-26 11:22:58 IST,439,0.00,0.50,192.15,-11.17,0.00,,,,
2020-12-26 11:35:20 IST,440,0.00,0.50,192.15,-11.17,0.00,,,,
2020-12-26 11:47:43 IST,441,0.00,0.50,192.02,-11.16,0.00,,,,
2020-12-26 12:00:06 IST,442,0.00,0.50,191.99,-11.16,0.00,,,,
2020-12-26 12:12:29 IST,443,0.00,0.50,191.89,-11.15,0.00,,,,
2020-12-26 12:24:52 IST,444,0.00,0.50,191.72,-11.14,0.00,,,,
2020-12-26 12:37:15 IST,445,0.00,0.50,191.65,-11.14,0.00,,,,
2020-12-26 12:49:38 IST,446,0.00,0.50,191.31,-11.12,0.00,,,,
2020-12-26 13:02:01 IST,447,0.00,0.50,191.09,-11.10,0.00,,,,
2020-12-26 13:14:23 IST,448,0.00,0.50,190.31,-11.05,0.00,,,,
2020-12-26 13:26:46 IST,449,0.00,0.49,188.89,-10.96,0.00,,,,
2020-12-26 13:39:09 IST,450,0.00,0.49,187.59,-10.88,0.00,,,,
2020-12-26 13:51:32 IST,451,0.00,0.49,187.12,-10.85,0.00,,,,
2020-12-26 14:03:55 IST,452,0.00,0.49,186.39,-10.80,0.00,,,,
2020-12-26 14:16:17 IST,453,0.00,0.49,186.28,-10.80,0.00,,,,
2020-12-26 14:28:40 IST,454,0.00,0.49,186.05,-10.78,0.00,,,,
2020-12-26 14:41:03 IST,455,0.00,0.48,185.27,-10.73,0.00,,,,
2020-12-26 14:53:26 IST,456,0.00,0.48,184.82,-10.70,0.00,,,,
2020-12-26 15:05:50 IST,457,0.00,0.48,184.94,-10.71,0.00,,,,
2020-12-26 15:18:13 IST,458,0.00,0.48,184.29,-10.67,0.00,,,,
2020-12-26 15:30:36 IST,459,0.00,0.48,183.79,-10.64,0.00,,,,
2020-12-26 15:42:59 IST,460,0.00,0.48,183.55,-10.62,0.00,,,,
2020-12-26 15:55:22 IST,461,0.00,0.48,183.28,-10.61,0.00,,,,
2020-12-26 16:07:45 IST,462,0.00,0.48,183.75,-10.64,0.00,,,,
2020-12-26 16:20:07 IST,463,0.00,0.48,183.82,-10.64,0.00,,,,
2020-12-26 16:32:30 IST,464,0.00,0.48,184.63,-10.69,0.00,,,,
2020-12-26 16:44:53 IST,465,0.00,0.48,184.25,-10.67,0.00,,,,
2020-12-26 16:57:16 IST,466,0.00,0.48,184.39,-10.68,0.00,,,,
2020-12-26 17:09:38 IST,467,0.00,0.48,184.14,-10.66,0.00,,,,
2020-12-26 17:22:01 IST,468,0.00,0.48,184.18,-10.66,0.00,,,,
2020-12-26 17:34:24 IST,469,0.00,0.48,184.02,-10.65,0.00,,,,
2020-12-26 17:46:47 IST,470,0.00,0.48,183.97,-10.65,0.00,,,,
2020-12-26 17:59:10 IST,471,0.00,0.48,183.66,-10.63,0.00,,,,
2020-12-26 18:11:33 IST,472,0.00,0.48,183.38,-10.61,0.00,,,,
2020-12-26 18:23:55 IST,473,0.00,0.48,183.63,-10.63,0.00,,,,
2020-12-26 19:01:02 IST,474,0.00,0.48,183.74,-10.63,0.00,,,,
2020-12-26 19:13:25 IST,475,0.00,0.48,183.10,-10.59,0.00,,,,
2020-12-26 19:25:48 IST,476,0.00,0.48,182.69,-10.57,0.00,,,,
2020-12-26 19:38:11 IST,477,0.00,0.48,182.53,-10.56,0.00,,,,
2020-12-26 19:50:34 IST,478,0.00,0.47,181.66,-10.50,0.00,,,,
2020-12-26 20:02:57 IST,479,0.00,0.47,181.02,-10.46,0.00,,,,
2020-12-26 20:15:20 IST,480,0.00,0.52,197.48,-11.51,0.00,,,,
2020-12-26 20:27:42 IST,481,0.00,0.52,197.54,-11.51,0.00,,,,
2020-12-26 20:40:05 IST,482,0.00,0.52,197.76,-11.53,0.00,,,,
2020-12-26 20:52:28 IST,483,0.00,0.52,197.63,-11.52,0.00,,,,
2020-12-26 21:04:52 IST,484,0.00,0.53,201.02,-11.74,0.00,,,,
2020-12-26 21:17:15 IST,485,0.00,0.53,200.92,-11.73,0.00,,,,
2020-12-26 21:29:38 IST,486,0.00,0.53,200.87,-11.73,0.00,,,,
2020-12-26 21:42:00 IST,487,0.00,0.53,201.31,-11.75,0.00,,,,
2020-12-26 21:54:23 IST,488,0.00,0.53,200.43,-11.70,0.00,,,,
2020-12-26 22:06:46 IST,489,0.00,0.53,200.86,-11.73,0.00,,,,
2020-12-26 22:19:09 IST,490,0.00,0.53,200.67,-11.71,0.00,,,,
2020-12-26 22:31:32 IST,491,0.00,0.53,200.67,-11.71,0.00,,,,
2020-12-26 22:43:55 IST,492,0.00,0.53,200.74,-11.72,0.00,,,,
2020-12-26 22:56:18 IST,493,0.00,0.53,200.74,-11.72,0.00,,,,
2020-12-26 23:08:40 IST,494,0.00,0.53,200.76,-11.72,0.00,,,,
2020-12-26 23:21:03 IST,495,0.00,0.53,200.16,-11.68,0.00,,,,
2020-12-26 23:33:26 IST,496,0.00,0.53,200.56,-11.71,0.00,,,,
2020-12-26 23:45:49 IST,497,0.00,0.53,199.82,-11.66,0.00,,,,
2020-12-26 23:58:12 IST,498,0.00,0.52,198.76,-11.59,0.00,,,,
2020-12-27 00:10:35 IST,499,0.00,0.52,197.91,-11.54,0.00,,,,
2020-12-27 00:22:58 IST,500,0.00,0.52,197.63,-11.52,0.00,,,,
2020-12-27 00:35:21 IST,501,0.00,0.52,197.46,-11.51,0.00,,,,
2020-12-27 00:47:44 IST,502,0.00,0.52,197.63,-11.52,0.00,,,,
2020-12-27 01:00:06 IST,503,0.00,0.52,197.79,-11.53,0.00,,,,
2020-12-27 01:12:29 IST,504,0.00,0.52,197.61,-11.52,0.00,,,,
2020-12-27 01:24:52 IST,505,0.00,0.52,197.47,-11.51,0.00,,,,
2020-12-27 01:37:15 IST,506,0.00,0.52,197.54,-11.51,0.00,,,,
2020-12-27 01:49:38 IST,507,0.00,0.52,197.20,-11.49,0.00,,,,
2020-12-27 02:02:01 IST,508,0.00,0.52,196.80,-11.47,0.00,,,,
2020-12-27 02:14:23 IST,509,0.00,0.52,196.57,-11.45,0.00,,,,
2020-12-27 02:26:46 IST,510,0.00,0.52,196.44,-11.44,0.00,,,,
2020-12-27 02:39:09 IST,511,0.00,0.52,196.27,-11.43,0.00,,,,
2020-12-27 02:51:32 IST,512,0.00,0.52,196.15,-11.42,0.00,,,,
2020-12-27 03:03:55 IST,513,0.00,0.52,196.17,-11.43,0.00,,,,
2020-12-27 03:16:18 IST,514,0.00,0.52,196.12,-11.42,0.00,,,,
2020-12-27 03:28:40 IST,515,0.00,0.52,196.14,-11.42,0.00,,,,
2020-12-27 03:41:03 IST,516,0.00,0.52,195.99,-11.41,0.00,,,,
2020-12-27 03:53:26 IST,517,0.00,0.51,195.83,-11.40,0.00,,,,
2020-12-27 04:05:49 IST,518,0.00,0.51,195.83,-11.40,0.00,,,,
2020-12-27 04:18:12 IST,519,0.00,0.51,195.68,-11.39,0.00,,,,
2020-12-27 04:30:35 IST,520,0.00,0.51,195.46,-11.38,0.00,,,,
2020-12-27 04:42:57 IST,521,0.00,0.51,195.42,-11.38,0.00,,,,
2020-12-27 04:55:20 IST,522,0.00,0.51,195.66,-11.39,0.00,,,,
2020-12-27 05:07:43 IST,523,0.00,0.51,195.31,-11.37,0.00,,,,
2020-12-27 05:20:06 IST,524,0.00,0.51,195.36,-11.37,0.00,,,,
2020-12-27 05:32:29 IST,525,0.00,0.51,195.00,-11.35,0.00,,,,
2020-12-27 05:44:52 IST,526,0.00,0.51,194.78,-11.34,0.00,,,,
2020-12-27 05:57:14 IST,527,0.00,0.51,195.29,-11.37,0.00,,,,
2020-12-27 06:09:37 IST,528,0.00,0.51,195.31,-11.37,0.00,,,,
2020-12-27 06:22:00 IST,529,0.00,0.51,195.02,-11.35,0.00,,,,
2020-12-27 06:34:23 IST,530,0.00,0.51,195.76,-11.40,0.00,,,,
2020-12-27 06:46:46 IST,531,0.00,0.51,195.79,-11.40,0.00,,,,
2020-12-27 06:59:08 IST,532,0.00,0.52,195.96,-11.41,0.00,,,,
2020-12-27 07:11:31 IST,533,0.00,0.51,195.79,-11.40,0.00,,,,
2020-12-27 07:23:54 IST,534,0.00,0.51,195.51,-11.38,0.00,,,,
2020-12-27 07:36:17 IST,535,0.00,0.51,195.19,-11.36,0.00,,,,
2020-12-27 07:48:40 IST,536,0.00,0.51,194.94,-11.35,0.00,,,,
2020-12-27 08:01:03 IST,537,0.00,0.51,194.44,-11.32,0.00,,,,
2020-12-27 08:13:26 IST,538,0.00,0.51,194.05,-11.29,0.00,,,,
2020-12-27 08:25:48 IST,539,0.00,0.51,194.81,-11.34,0.00,,,,
2020-12-27 08:38:11 IST,540,0.00,0.51,194.48,-11.32,0.00,,,,
2020-12-27 08:50:34 IST,541,0.00,0.51,195.09,-11.36,0.00,,,,
2020-12-27 09:02:55 IST,542,0.00,0.51,195.35,-11.37,0.00,,,,
2020-12-27 09:15:17 IST,543,0.00,0.52,195.96,-11.41,0.00,,,,
2020-12-27 09:27:40 IST,544,0.00,0.52,196.05,-11.42,0.00,,,,
2020-12-27 09:40:03 IST,545,0.00,0.52,196.11,-11.42,0.00,,,,
2020-12-27 09:52:26 IST,546,0.00,0.52,196.06,-11.42,0.00,,,,
2020-12-27 10:04:49 IST,547,0.00,0.51,195.91,-11.41,0.00,,,,
2020-12-27 10:17:12 IST,548,0.00,0.51,195.18,-11.36,0.00,,,,
2020-12-27 10:29:35 IST,549,0.00,0.51,194.69,-11.33,0.00,,,,
2020-12-27 10:41:57 IST,550,0.00,0.51,194.51,-11.32,0.00,,,,
2020-12-27 10:54:20 IST,551,0.00,0.51,194.84,-11.34,0.00,,,,
2020-12-27 11:06:43 IST,552,0.00,0.51,194.67,-11.33,0.00,,,,
2020-12-27 11:19:06 IST,553,0.00,0.51,195.18,-11.36,0.00,,,,
2020-12-27 11:31:29 IST,554,0.00,0.51,194.73,-11.33,0.00,,,,
2020-12-27 11:43:52 IST,555,0.00,0.51,195.20,-11.36,0.00,,,,
2020-12-27 11:56:14 IST,556,0.00,0.51,195.47,-11.38,0.00,,,,
2020-12-27 12:08:37 IST,557,0.00,0.51,195.63,-11.39,0.00,,,,
2020-12-27 12:21:00 IST,558,0.00,0.51,195.87,-11.41,0.00,,,,
2020-12-27 12:33:23 IST,559,0.00,0.51,195.61,-11.39,0.00,,,,
2020-12-27 12:45:46 IST,560,0.00,0.51,195.43,-11.38,0.00,,,,
2020-12-29 12:55:18 IST,561,25.94,0.54,205.39,201.91,0.00,,,,
2020-12-29 13:07:40 IST,562,25.94,0.54,205.53,202.05,0.00,,,,
2020-12-29 13:20:04 IST,563,25.94,0.54,204.76,201.29,0.00,,,,
2020-12-29 13:32:25 IST,564,26.00,0.54,203.27,199.60,0.00,,,,
2020-12-29 13:44:47 IST,565,26.00,0.54,203.15,199.48,0.00,,,,
2020-12-29 13:57:10 IST,566,26.00,0.53,202.12,198.47,0.00,,,,
2020-12-29 14:09:33 IST,567,25.94,0.53,202.95,199.51,0.00,,,,
2020-12-29 14:21:54 IST,568,26.00,0.54,203.82,200.14,0.00,,,,
2020-12-29 14:34:17 IST,569,26.00,0.54,204.16,200.48,0.00,,,,
2020-12-29 14:46:39 IST,570,26.00,0.54,204.43,200.74,0.00,,,,
2020-12-29 14:59:03 IST,571,26.00,0.54,204.61,200.91,0.00,,,,
2020-12-29 15:11:25 IST,572,25.94,0.54,204.75,201.28,0.00,,,,
2020-12-29 15:23:48 IST,573,25.94,0.54,205.60,202.11,0.00,,,,
2020-12-29 15:36:10 IST,574,25.94,0.54,205.24,201.76,0.00,,,,
2020-12-29 15:48:34 IST,575,26.00,0.54,205.27,201.56,0.00,,,,
2020-12-29 16:00:55 IST,576,26.00,0.54,205.38,201.67,0.00,,,,
2020-12-29 16:13:17 IST,577,26.00,0.54,206.07,202.34,0.00,,,,
2020-12-29 16:25:39 IST,578,26.00,0.54,206.14,202.42,0.00,,,,
2020-12-29 16:38:03 IST,579,26.00,0.54,206.11,202.39,0.00,,,,
2020-12-29 16:50:24 IST,580,26.00,0.54,206.13,202.41,0.00,,,,
2020-12-29 17:02:47 IST,581,26.00,0.54,206.35,202.62,0.00,,,,
2020-12-29 17:15:09 IST,582,26.00,0.55,206.51,202.78,0.00,,,,
2020-12-29 17:27:33 IST,583,26.00,0.55,206.78,203.04,0.00,,,,
2020-12-29 17:39:53 IST,584,26.00,0.55,206.79,203.05,0.00,,,,
2020-12-29 17:52:15 IST,585,26.00,0.55,207.24,203.49,0.00,,,,
2020-12-29 18:04:38 IST,586,26.00,0.55,207.13,203.39,0.00,,,,
2020-12-29 18:17:02 IST,587,26.00,0.55,207.36,203.61,0.00,,,,
2020-12-29 18:29:23 IST,588,25.94,0.55,207.34,203.82,0.00,,,,
2020-12-29 18:41:47 IST,589,26.00,0.55,207.76,204.01,0.00,,,,
2020-12-29 18:54:09 IST,590,26.00,0.55,207.35,203.60,0.00,,,,
2020-12-29 19:06:33 IST,591,25.94,0.55,207.77,204.25,0.00,,,,
2020-12-29 19:18:54 IST,592,25.94,0.55,207.82,204.29,0.00,,,,
2020-12-29 19:31:16 IST,593,25.94,0.55,207.39,203.87,0.00,,,,
2020-12-29 19:43:39 IST,594,25.94,0.55,207.96,204.43,0.00,,,,
2020-12-29 19:56:03 IST,595,25.94,0.55,207.80,204.28,0.00,,,,
2020-12-29 20:08:23 IST,596,26.00,0.55,208.23,204.47,0.00,,,,
2020-12-29 20:20:46 IST,597,26.00,0.55,208.40,204.63,0.00,,,,
2020-12-29 20:33:08 IST,598,26.00,0.55,208.43,204.67,0.00,,,,
2020-12-29 20:45:32 IST,599,26.00,0.55,208.51,204.74,0.00,,,,
2020-12-29 20:57:53 IST,600,25.94,0.55,208.75,205.21,0.00,,,,
2020-12-29 21:10:15 IST,601,25.94,0.55,208.58,205.04,0.00,,,,
2020-12-29 21:22:37 IST,602,25.88,0.55,208.69,205.38,0.00,,,,
2020-12-29 21:35:01 IST,603,25.94,0.55,209.17,205.63,0.00,,,,
2020-12-29 21:47:22 IST,604,26.00,0.55,208.98,205.20,0.00,,,,
2020-12-29 21:59:44 IST,605,26.00,0.55,209.47,205.69,0.00,,,,
2020-12-29 22:12:06 IST,606,26.00,0.55,209.58,205.79,0.00,,,,
2020-12-29 22:24:30 IST,607,26.00,0.55,209.64,205.85,0.00,,,,
2020-12-29 22:36:51 IST,608,26.00,0.55,209.63,205.85,0.00,,,,
2020-12-29 22:49:14 IST,609,26.00,0.55,209.86,206.07,0.00,,,,
2020-12-29 23:01:36 IST,610,26.00,0.56,209.97,206.18,0.00,,,,
2020-12-29 23:14:00 IST,611,26.06,0.56,210.12,206.09,0.00,,,,
2020-12-29 23:26:20 IST,612,26.00,0.56,211.11,207.30,0.00,,,,
2020-12-29 23:38:44 IST,613,26.06,0.56,211.19,207.14,0.00,,,,
2020-12-29 23:51:06 IST,614,26.06,0.56,211.19,207.14,0.00,,,,
2020-12-30 00:03:30 IST,615,26.06,0.56,211.23,207.18,0.00,,,,
2020-12-30 00:15:51 IST,616,26.06,0.56,211.39,207.34,0.00,,,,
2020-12-30 00:28:14 IST,617,26.06,0.56,211.65,207.59,0.00,,,,
2020-12-30 00:40:37 IST,618,26.06,0.56,211.53,207.47,0.00,,,,
2020-12-30 00:53:00 IST,619,26.06,0.56,212.27,208.20,0.00,,,,
2020-12-30 01:05:23 IST,620,26.06,0.56,212.70,208.62,0.00,,,,
2020-12-30 01:17:46 IST,621,26.06,0.56,212.33,208.25,0.00,,,,
2020-12-30 01:30:08 IST,622,26.12,0.56,212.56,208.25,0.00,,,,
2020-12-30 01:42:32 IST,623,26.12,0.56,212.91,208.59,0.00,,,,
2020-12-30 01:54:53 IST,624,26.06,0.56,212.62,208.54,0.00,,,,
2020-12-30 02:07:16 IST,625,26.00,0.56,212.09,208.26,0.00,,,,
2020-12-30 02:19:38 IST,626,26.00,0.56,212.91,209.06,0.00,,,,
2020-12-30 02:32:00 IST,627,26.06,0.56,212.63,208.56,0.00,,,,
2020-12-30 02:44:21 IST,628,26.00,0.56,212.82,208.98,0.00,,,,
2020-12-30 02:56:43 IST,629,26.00,0.56,212.26,208.42,0.00,,,,
2020-12-30 03:09:08 IST,630,26.00,0.56,212.66,208.82,0.00,,,,
2020-12-30 03:21:31 IST,631,26.06,0.56,212.75,208.67,0.00,,,,
2020-12-30 03:33:53 IST,632,26.00,0.56,212.75,208.90,0.00,,,,
2020-12-30 03:46:17 IST,633,26.00,0.56,212.56,208.72,0.00,,,,
2020-12-30 03:58:39 IST,634,26.00,0.56,213.00,209.15,0.00,,,,
2020-12-30 04:11:03 IST,635,26.00,0.56,212.64,208.80,0.00,,,,
2020-12-30 04:23:27 IST,636,26.00,0.56,212.63,208.78,0.00,,,,
2020-12-30 04:35:50 IST,637,26.00,0.56,212.45,208.61,0.00,,,,
2020-12-30 06:39:58 IST,638,26.00,0.56,212.67,208.83,0.00,,,,
2020-12-30 07:04:49 IST,639,26.00,0.56,212.32,208.48,0.00,,,,
2020-12-30 12:23:34 IST,640,0.00,0.00,0.00,0.00,0.00,,,,
2020-12-30 12:35:56 IST,641,0.00,0.00,0.00,0.00,0.00,,,,
2020-12-30 12:48:20 IST,642,0.00,0.00,0.00,0.00,0.00,,,,
2020-12-30 13:00:41 IST,643,0.00,0.00,0.00,0.00,0.00,,,,
2020-12-30 13:13:03 IST,644,0.00,0.00,0.00,0.00,0.00,,,,
2020-12-30 13:25:26 IST,645,0.00,0.00,0.00,0.00,0.00,,,,
2020-12-30 13:37:50 IST,646,0.00,0.00,0.00,0.00,0.00,,,,
2020-12-30 13:50:10 IST,647,0.00,0.00,0.00,0.00,0.00,,,,
2020-12-30 14:02:33 IST,648,0.00,0.00,0.00,0.00,0.00,,,,
2020-12-30 14:14:55 IST,649,0.00,0.00,0.00,0.00,0.00,,,,
2020-12-30 14:27:19 IST,650,0.00,0.00,0.00,0.00,0.00,,,,
2020-12-30 14:39:39 IST,651,0.00,0.00,0.00,0.00,0.00,,,,
2020-12-30 14:52:02 IST,652,0.00,0.00,0.00,0.00,0.00,,,,
2020-12-30 15:04:24 IST,653,0.00,0.00,0.00,0.00,0.00,,,,
2020-12-30 15:16:48 IST,654,0.00,0.00,0.00,0.00,0.00,,,,
2020-12-30 15:29:09 IST,655,0.00,0.00,0.00,0.00,0.00,,,,
2020-12-30 15:41:31 IST,656,0.00,0.00,0.00,0.00,0.00,,,,
2020-12-30 15:53:53 IST,657,0.00,0.00,0.00,0.00,0.00,,,,
2020-12-30 16:06:17 IST,658,0.00,0.00,0.00,0.00,0.00,,,,
2020-12-30 16:18:38 IST,659,0.00,0.00,0.00,0.00,0.00,,,,
2020-12-30 16:31:00 IST,660,0.00,0.00,0.00,0.00,0.00,,,,
2020-12-30 16:43:22 IST,661,0.00,0.00,0.00,0.00,0.00,,,,
2020-12-30 16:55:46 IST,662,0.00,0.00,0.00,0.00,0.00,,,,
2020-12-30 17:08:06 IST,663,0.00,0.00,0.00,0.00,0.00,,,,
2020-12-30 17:20:29 IST,664,0.00,0.00,0.00,0.00,0.00,,,,
2020-12-30 17:32:51 IST,665,0.00,0.00,0.00,0.00,0.00,,,,
2020-12-30 17:45:14 IST,666,0.00,0.00,0.00,0.00,0.00,,,,
2020-12-30 17:57:36 IST,667,0.00,0.00,0.00,0.00,0.00,,,,
2020-12-30 18:09:59 IST,668,0.00,0.00,0.00,0.00,0.00,,,,
2020-12-30 18:22:21 IST,669,0.00,0.00,0.00,0.00,0.00,,,,
2020-12-30 18:34:45 IST,670,0.00,0.00,0.00,0.00,0.00,,,,
2020-12-30 18:47:06 IST,671,0.00,0.00,0.00,0.00,0.00,,,,
2020-12-30 18:59:28 IST,672,0.00,0.00,0.00,0.00,0.00,,,,
2020-12-30 19:11:50 IST,673,0.00,0.00,0.00,0.00,0.00,,,,
2020-12-30 19:35:40 IST,674,85.00,0.56,210.63,101.43,0.00,,,,
2020-12-30 19:45:48 IST,675,26.06,0.56,210.24,206.21,0.00,,,,
2020-12-30 19:55:57 IST,676,26.06,0.56,210.10,206.07,0.00,,,,
2020-12-30 20:06:06 IST,677,26.06,0.56,209.94,205.92,0.00,,,,
2020-12-30 20:16:18 IST,678,26.06,0.55,209.79,205.77,0.00,,,,
2020-12-30 20:26:27 IST,679,26.06,0.55,209.79,205.77,0.00,,,,
2020-12-30 20:36:37 IST,680,26.06,0.55,209.78,205.76,0.00,,,,
2020-12-30 20:46:45 IST,681,26.06,0.55,209.70,205.68,0.00,,,,
2020-12-30 20:56:56 IST,682,26.06,0.56,209.98,205.95,0.00,,,,
2020-12-30 21:07:05 IST,683,26.06,0.55,209.79,205.77,0.00,,,,
2020-12-30 21:17:14 IST,684,26.06,0.55,209.40,205.38,0.00,,,,
2020-12-30 21:27:22 IST,685,26.06,0.55,209.83,205.81,0.00,,,,
2020-12-30 21:37:31 IST,686,26.06,0.55,209.83,205.81,0.00,,,,
2020-12-30 21:47:40 IST,687,26.06,0.55,209.90,205.88,0.00,,,,
2020-12-30 21:57:46 IST,688,26.06,0.55,209.88,205.85,0.00,,,,
2020-12-30 22:07:55 IST,689,26.06,0.55,209.89,205.87,0.00,,,,
2020-12-30 22:18:03 IST,690,26.06,0.55,209.92,205.90,0.00,,,,
2020-12-30 22:28:13 IST,691,26.06,0.56,209.95,205.93,0.00,,,,
2020-12-30 22:38:23 IST,692,26.06,0.55,209.73,205.71,0.00,,,,
2020-12-30 22:48:33 IST,693,26.06,0.56,209.96,205.93,0.00,,,,
2020-12-30 22:58:44 IST,694,26.06,0.56,209.95,205.93,0.00,,,,
2020-12-30 23:08:53 IST,695,26.06,0.55,209.85,205.82,0.00,,,,
2020-12-30 23:19:01 IST,696,26.06,0.55,209.87,205.84,0.00,,,,
2020-12-30 23:29:10 IST,697,26.06,0.55,209.88,205.85,0.00,,,,
2020-12-30 23:39:19 IST,698,26.06,0.55,209.86,205.83,0.00,,,,
2020-12-31 00:04:50 IST,699,26.06,0.55,209.85,205.82,0.00,,,,
2020-12-31 00:09:55 IST,700,26.06,0.55,209.78,205.76,0.00,,,,
2020-12-31 00:35:26 IST,701,26.06,0.55,209.88,205.85,0.00,,,,
2020-12-31 01:00:53 IST,702,26.06,0.56,210.07,206.04,0.00,,,,
2020-12-31 01:24:34 IST,703,26.06,0.56,210.58,206.54,0.00,,,,
2020-12-31 01:48:23 IST,704,26.06,0.56,210.65,206.61,0.00,,,,
2020-12-31 01:51:45 IST,705,26.06,0.56,210.58,206.54,0.00,,,,
2020-12-31 02:01:53 IST,706,26.06,0.56,210.72,206.68,0.00,,,,
2020-12-31 02:27:25 IST,707,26.06,0.56,210.94,206.90,0.00,,,,
2020-12-31 02:42:44 IST,708,26.06,0.56,210.85,206.81,0.00,,,,
2020-12-31 03:08:06 IST,709,26.06,0.56,210.74,206.70,0.00,,,,
2020-12-31 03:18:18 IST,710,26.06,0.56,210.66,206.62,0.00,,,,
2020-12-31 03:23:21 IST,711,26.06,0.56,210.87,206.82,0.00,,,,
2020-12-31 03:33:29 IST,712,26.06,0.56,211.04,206.99,0.00,,,,
2020-12-31 03:57:14 IST,713,26.06,0.56,211.07,207.03,0.00,,,,
2020-12-31 04:14:13 IST,714,26.06,0.56,210.56,206.52,0.00,,,,
2020-12-31 04:29:32 IST,715,26.06,0.56,210.94,206.90,0.00,,,,
2020-12-31 04:53:19 IST,716,26.06,0.56,210.99,206.94,0.00,,,,
2020-12-31 04:54:59 IST,717,26.06,0.56,210.93,206.89,0.00,,,,
2020-12-31 05:20:26 IST,718,26.06,0.56,210.98,206.93,0.00,,,,
2020-12-31 05:35:41 IST,719,26.06,0.56,211.22,207.17,0.00,,,,
2020-12-31 06:01:12 IST,720,26.06,0.56,211.35,207.30,0.00,,,,
2020-12-31 06:06:17 IST,721,26.06,0.56,211.48,207.42,0.00,,,,
2020-12-31 06:30:01 IST,722,26.06,0.56,211.53,207.47,0.00,,,,
2020-12-31 06:31:44 IST,723,26.06,0.56,211.33,207.27,0.00,,,,
2020-12-31 06:46:39 IST,724,26.06,0.56,211.48,207.42,0.00,,,,
2020-12-31 07:11:45 IST,725,26.06,0.56,212.40,208.33,0.00,,,,
2020-12-31 07:27:00 IST,726,26.06,0.56,211.91,207.84,0.00,,,,
2020-12-31 07:47:22 IST,727,26.06,0.56,212.07,208.01,0.00,,,,
2020-12-31 08:12:49 IST,728,26.06,0.56,211.62,207.56,0.00,,,,
2020-12-31 08:17:53 IST,729,26.06,0.56,211.53,207.47,0.00,,,,
2020-12-31 08:39:52 IST,730,26.06,0.56,211.62,207.56,0.00,,,,
2020-12-31 08:51:42 IST,731,26.06,0.56,211.16,207.11,0.00,,,,
2020-12-31 09:15:31 IST,732,26.06,0.56,211.02,206.97,0.00,,,,
2020-12-31 09:37:36 IST,733,26.06,0.56,210.93,206.89,0.00,,,,
2020-12-31 09:49:24 IST,734,26.06,0.56,210.09,206.06,0.00,,,,
2020-12-31 10:57:00 IST,735,85.00,0.54,206.12,99.21,0.00,,,,
2020-12-31 11:07:08 IST,736,26.06,0.55,209.55,205.53,0.00,,,,
2020-12-31 11:17:17 IST,737,26.06,0.55,209.60,205.58,0.00,,,,
2020-12-31 11:27:26 IST,738,26.06,0.55,209.77,205.75,0.00,,,,
2020-12-31 11:37:34 IST,739,26.06,0.56,210.40,206.37,0.00,,,,
2020-12-31 11:47:43 IST,740,26.06,0.55,209.52,205.50,0.00,,,,
2020-12-31 11:57:52 IST,741,26.06,0.56,210.10,206.07,0.00,,,,
2020-12-31 12:08:01 IST,742,26.06,0.55,209.54,205.52,0.00,,,,
2020-12-31 12:18:09 IST,743,26.06,0.55,209.55,205.53,0.00,,,,
2020-12-31 12:28:18 IST,744,26.06,0.55,209.54,205.52,0.00,,,,
2020-12-31 12:38:27 IST,745,26.06,0.55,209.25,205.24,0.00,,,,
2020-12-31 12:48:36 IST,746,26.06,0.55,208.85,204.84,0.00,,,,
2020-12-31 12:58:44 IST,747,26.06,0.55,208.88,204.88,0.00,,,,
2020-12-31 13:08:53 IST,748,26.06,0.55,208.66,204.66,0.00,,,,
2020-12-31 13:19:02 IST,749,26.06,0.55,208.87,204.87,0.00,,,,
2020-12-31 13:29:10 IST,750,26.06,0.55,207.95,203.96,0.00,,,,
2020-12-31 13:39:19 IST,751,26.06,0.55,207.61,203.63,0.00,,,,
2020-12-31 13:49:28 IST,752,26.06,0.55,208.34,204.35,0.00,,,,
2020-12-31 13:59:37 IST,753,26.06,0.55,208.26,204.26,0.00,,,,
2020-12-31 14:09:46 IST,754,26.06,0.55,208.26,204.26,0.00,,,,
2020-12-31 14:19:54 IST,755,26.06,0.55,208.22,204.23,0.00,,,,
2020-12-31 14:30:03 IST,756,26.06,0.55,208.39,204.39,0.00,,,,
2020-12-31 14:40:11 IST,757,26.06,0.55,208.35,204.36,0.00,,,,
2020-12-31 14:50:20 IST,758,26.06,0.55,208.14,204.15,0.00,,,,
2020-12-31 15:00:29 IST,759,26.06,0.55,208.14,204.15,0.00,,,,
2020-12-31 15:10:39 IST,760,26.06,0.55,208.08,204.09,0.00,,,,
2020-12-31 15:20:47 IST,761,26.06,0.55,207.65,203.67,0.00,,,,
2020-12-31 15:30:56 IST,762,26.06,0.55,208.28,204.28,0.00,,,,
2020-12-31 15:41:04 IST,763,26.06,0.55,208.64,204.64,0.00,,,,
2020-12-31 15:51:13 IST,764,26.06,0.55,208.40,204.40,0.00,,,,
2020-12-31 16:01:22 IST,765,26.06,0.55,208.78,204.78,0.00,,,,
2020-12-31 16:11:30 IST,766,26.06,0.55,208.82,204.82,0.00,,,,
2020-12-31 16:21:39 IST,767,26.06,0.55,208.42,204.42,0.00,,,,
2020-12-31 16:31:48 IST,768,26.06,0.55,208.58,204.59,0.00,,,,
2020-12-31 16:41:58 IST,769,26.06,0.55,208.97,204.96,0.00,,,,
2020-12-31 16:52:06 IST,770,26.06,0.55,209.16,205.15,0.00,,,,
2020-12-31 17:02:15 IST,771,26.06,0.55,209.17,205.16,0.00,,,,
2020-12-31 17:12:24 IST,772,26.06,0.55,209.26,205.25,0.00,,,,
2020-12-31 17:22:33 IST,773,26.06,0.55,209.13,205.12,0.00,,,,
2020-12-31 17:32:42 IST,774,26.06,0.55,209.25,205.24,0.00,,,,
2020-12-31 17:42:51 IST,775,26.06,0.55,209.28,205.26,0.00,,,,
2020-12-31 17:53:00 IST,776,26.06,0.55,209.39,205.37,0.00,,,,
2020-12-31 18:03:10 IST,777,26.06,0.55,209.60,205.58,0.00,,,,
2020-12-31 18:13:20 IST,778,26.06,0.55,209.55,205.53,0.00,,,,
2020-12-31 18:23:29 IST,779,26.06,0.55,209.64,205.62,0.00,,,,
2020-12-31 18:33:38 IST,780,26.06,0.55,209.35,205.34,0.00,,,,
2020-12-31 18:43:46 IST,781,26.06,0.55,209.70,205.68,0.00,,,,
2020-12-31 18:53:56 IST,782,26.06,0.55,209.67,205.65,0.00,,,,
2020-12-31 19:04:04 IST,783,26.06,0.55,209.78,205.76,0.00,,,,
2020-12-31 19:14:13 IST,784,26.06,0.56,209.94,205.92,0.00,,,,
2020-12-31 19:24:22 IST,785,26.06,0.55,209.79,205.77,0.00,,,,
2020-12-31 19:34:31 IST,786,26.06,0.55,209.75,205.73,0.00,,,,
2020-12-31 19:44:40 IST,787,26.06,0.55,209.80,205.78,0.00,,,,
2020-12-31 19:54:48 IST,788,26.00,0.55,209.77,205.98,0.00,,,,
2020-12-31 20:04:56 IST,789,26.06,0.55,209.80,205.78,0.00,,,,
2020-12-31 20:15:05 IST,790,26.06,0.55,209.88,205.85,0.00,,,,
2020-12-31 20:25:14 IST,791,26.06,0.55,209.82,205.80,0.00,,,,
2020-12-31 20:35:22 IST,792,26.06,0.55,209.88,205.85,0.00,,,,
2020-12-31 20:45:31 IST,793,26.06,0.55,209.81,205.79,0.00,,,,
2020-12-31 20:55:39 IST,794,26.06,0.55,209.76,205.74,0.00,,,,
2020-12-31 21:05:48 IST,795,26.06,0.55,209.76,205.74,0.00,,,,
2020-12-31 21:15:57 IST,796,26.06,0.55,209.88,205.85,0.00,,,,
2020-12-31 21:26:05 IST,797,26.06,0.55,209.90,205.88,0.00,,,,
2020-12-31 21:36:14 IST,798,26.06,0.56,209.96,205.93,0.00,,,,
2020-12-31 21:46:22 IST,799,26.06,0.56,209.98,205.95,0.00,,,,
2020-12-31 21:56:31 IST,800,26.06,0.56,210.05,206.03,0.00,,,,
2020-12-31 22:06:19 IST,801,26.06,0.56,210.57,206.53,0.00,,,,
2020-12-31 22:16:07 IST,802,26.06,0.56,210.14,206.11,0.00,,,,
2020-12-31 22:26:16 IST,803,26.06,0.56,210.39,206.36,0.00,,,,
2020-12-31 22:36:24 IST,804,26.06,0.56,210.96,206.92,0.00,,,,
2020-12-31 22:46:32 IST,805,26.06,0.56,210.56,206.52,0.00,,,,
2020-12-31 22:56:41 IST,806,26.06,0.56,211.08,207.03,0.00,,,,
2020-12-31 23:06:49 IST,807,26.06,0.56,210.87,206.82,0.00,,,,
2020-12-31 23:16:58 IST,808,26.06,0.56,211.05,207.01,0.00,,,,
2020-12-31 23:27:07 IST,809,26.12,0.56,210.89,206.61,0.00,,,,
2020-12-31 23:37:15 IST,810,26.06,0.56,211.03,206.98,0.00,,,,
2020-12-31 23:47:24 IST,811,26.06,0.56,211.48,207.42,0.00,,,,
2020-12-31 23:57:32 IST,812,26.06,0.56,212.14,208.07,0.00,,,,
2021-01-01 00:07:41 IST,813,26.12,0.56,212.12,207.82,0.00,,,,
2021-01-01 00:17:49 IST,814,26.06,0.56,212.65,208.57,0.00,,,,
2021-01-01 00:27:58 IST,815,26.12,0.56,212.87,208.55,0.00,,,,
2021-01-01 00:38:06 IST,816,26.12,0.56,213.14,208.82,0.00,,,,
2021-01-01 00:48:15 IST,817,26.12,0.56,212.86,208.54,0.00,,,,
2021-01-01 00:58:23 IST,818,26.12,0.56,213.23,208.91,0.00,,,,
2021-01-01 01:08:32 IST,819,26.12,0.57,213.48,209.15,0.00,,,,
2021-01-01 01:18:41 IST,820,26.12,0.57,213.57,209.24,0.00,,,,
2021-01-01 01:28:49 IST,821,26.12,0.57,213.68,209.35,0.00,,,,
2021-01-01 01:38:58 IST,822,26.12,0.57,213.86,209.52,0.00,,,,
2021-01-01 01:49:06 IST,823,26.12,0.57,214.53,210.18,0.00,,,,
2021-01-01 01:59:14 IST,824,26.12,0.57,213.98,209.64,0.00,,,,
2021-01-01 02:09:23 IST,825,26.12,0.57,214.06,209.71,0.00,,,,
2021-01-01 02:19:31 IST,826,26.12,0.57,214.20,209.85,0.00,,,,
2021-01-01 02:29:40 IST,827,26.12,0.57,214.47,210.11,0.00,,,,
2021-01-01 02:39:48 IST,828,26.12,0.57,214.15,209.80,0.00,,,,
2021-01-01 02:49:56 IST,829,26.12,0.57,214.10,209.76,0.00,,,,
2021-01-01 03:00:05 IST,830,26.12,0.57,214.24,209.90,0.00,,,,
2021-01-01 03:10:13 IST,831,26.12,0.57,214.03,209.68,0.00,,,,
2021-01-01 03:20:22 IST,832,26.12,0.57,214.06,209.71,0.00,,,,
2021-01-01 03:30:31 IST,833,26.12,0.57,214.14,209.79,0.00,,,,
2021-01-01 03:40:39 IST,834,26.12,0.57,214.15,209.80,0.00,,,,
2021-01-01 03:50:48 IST,835,26.12,0.57,213.93,209.59,0.00,,,,
2021-01-01 04:00:56 IST,836,26.12,0.57,214.06,209.71,0.00,,,,
2021-01-01 04:11:05 IST,837,26.12,0.57,214.07,209.73,0.00,,,,
2021-01-01 04:21:13 IST,838,26.12,0.57,214.51,210.16,0.00,,,,
2021-01-01 04:31:21 IST,839,26.12,0.57,214.07,209.73,0.00,,,,
2021-01-01 04:41:30 IST,840,26.12,0.57,214.60,210.24,0.00,,,,
2021-01-01 04:51:38 IST,841,26.12,0.57,214.20,209.86,0.00,,,,
2021-01-01 05:01:46 IST,842,26.12,0.57,214.57,210.22,0.00,,,,
2021-01-01 05:11:55 IST,843,26.12,0.57,214.09,209.75,0.00,,,,
2021-01-01 05:22:04 IST,844,26.06,0.57,214.52,210.41,0.00,,,,
2021-01-01 05:32:12 IST,845,26.12,0.57,214.01,209.67,0.00,,,,
2021-01-01 05:42:20 IST,846,26.06,0.57,214.16,210.05,0.00,,,,
2021-01-01 05:52:29 IST,847,26.06,0.57,214.21,210.10,0.00,,,,
2021-01-01 06:02:37 IST,848,26.12,0.57,214.49,210.13,0.00,,,,
2021-01-01 06:12:46 IST,849,26.06,0.57,214.15,210.04,0.00,,,,
2021-01-01 06:22:54 IST,850,26.06,0.57,213.87,209.77,0.00,,,,
2021-01-01 06:33:03 IST,851,26.06,0.57,214.25,210.14,0.00,,,,
2021-01-01 06:43:11 IST,852,26.06,0.57,214.25,210.14,0.00,,,,
2021-01-01 06:53:20 IST,853,26.12,0.57,213.83,209.49,0.00,,,,
2021-01-01 07:03:29 IST,854,26.06,0.57,213.69,209.59,0.00,,,,
2021-01-01 07:13:37 IST,855,26.06,0.57,214.04,209.93,0.00,,,,
2021-01-01 07:23:46 IST,856,26.06,0.57,214.14,210.03,0.00,,,,
2021-01-01 07:33:55 IST,857,26.06,0.57,214.12,210.01,0.00,,,,
2021-01-01 07:44:03 IST,858,26.06,0.57,214.19,210.08,0.00,,,,
2021-01-01 07:54:12 IST,859,26.06,0.57,214.47,210.35,0.00,,,,
2021-01-01 08:04:20 IST,860,26.06,0.57,214.24,210.13,0.00,,,,
2021-01-01 08:14:29 IST,861,26.06,0.57,214.51,210.40,0.00,,,,
2021-01-01 08:24:38 IST,862,26.06,0.57,213.99,209.88,0.00,,,,
2021-01-01 08:34:48 IST,863,26.06,0.57,213.65,209.55,0.00,,,,
2021-01-01 08:44:57 IST,864,26.06,0.57,214.04,209.93,0.00,,,,
2021-01-01 08:55:06 IST,865,26.06,0.57,214.26,210.15,0.00,,,,
2021-01-01 09:05:14 IST,866,26.06,0.57,213.47,209.37,0.00,,,,
2021-01-01 09:15:23 IST,867,26.06,0.56,213.22,209.13,0.00,,,,
2021-01-01 09:25:32 IST,868,26.06,0.56,213.31,209.22,0.00,,,,
2021-01-01 09:35:40 IST,869,26.06,0.57,213.82,209.72,0.00,,,,
2021-01-01 09:45:48 IST,870,26.06,0.56,212.88,208.79,0.00,,,,
2021-01-01 09:55:56 IST,871,26.00,0.56,212.31,208.47,0.00,,,,
2021-01-01 10:06:05 IST,872,25.94,0.56,212.49,208.89,0.00,,,,
2021-01-01 10:16:13 IST,873,25.94,0.56,211.17,207.59,0.00,,,,
2021-01-01 10:26:22 IST,874,26.00,0.56,210.28,206.48,0.00,,,,
2021-01-01 10:37:58 IST,875,26.06,0.56,210.04,206.02,0.00,,,,
2021-01-01 10:47:48 IST,876,26.06,0.55,209.82,205.80,0.00,,,,
2021-01-01 10:57:56 IST,877,26.06,0.55,209.46,205.45,0.00,,,,
2021-01-01 11:08:04 IST,878,26.06,0.55,208.75,204.75,0.00,,,,
2021-01-01 11:18:16 IST,879,26.06,0.55,208.73,204.73,0.00,,,,
2021-01-01 11:28:24 IST,880,26.06,0.55,208.06,204.07,0.00,,,,
2021-01-01 11:38:33 IST,881,26.06,0.55,206.82,202.86,0.00,,,,
2021-01-01 11:48:42 IST,882,26.06,0.54,206.05,202.10,0.00,,,,
2021-01-01 11:58:51 IST,883,26.06,0.54,205.57,201.63,0.00,,,,
2021-01-01 12:08:59 IST,884,26.06,0.54,205.70,201.76,0.00,,,,
2021-01-01 12:19:07 IST,885,26.06,0.54,204.46,200.55,0.00,,,,
2021-01-01 12:29:16 IST,886,26.06,0.54,204.37,200.45,0.00,,,,
2021-01-01 12:39:24 IST,887,26.06,0.54,204.11,200.20,0.00,,,,
2021-01-01 12:49:32 IST,888,26.06,0.54,203.34,199.44,0.00,,,,
2021-01-01 12:59:40 IST,889,26.06,0.54,203.74,199.84,0.00,,,,
2021-01-01 13:09:49 IST,890,26.06,0.53,202.54,198.66,0.00,,,,
2021-01-01 13:19:57 IST,891,26.06,0.53,201.52,197.66,0.00,,,,
2021-01-01 13:30:06 IST,892,26.06,0.54,202.98,199.09,0.00,,,,
2021-01-01 13:40:15 IST,893,26.06,0.54,203.54,199.64,0.00,,,,
2021-01-01 13:50:25 IST,894,26.06,0.53,201.05,197.20,0.00,,,,
2021-01-01 14:00:33 IST,895,26.06,0.53,201.17,197.32,0.00,,,,
2021-01-01 14:10:41 IST,896,26.06,0.54,204.49,200.57,0.00,,,,
2021-01-02 17:01:34 IST,897,0.00,0.00,0.00,0.00,0.00,,,,
2021-01-02 17:11:59 IST,898,0.00,0.00,0.00,0.00,0.00,,,,
2021-01-02 17:22:24 IST,899,0.00,0.00,0.00,0.00,0.00,,,,
2021-01-02 17:32:49 IST,900,0.00,0.00,0.00,0.00,0.00,,,,
2021-01-02 17:43:14 IST,901,0.00,0.00,0.00,0.00,0.00,,,,
2021-01-02 17:53:39 IST,902,0.00,0.00,0.00,0.00,0.00,,,,
2021-01-02 18:04:05 IST,903,0.00,0.00,0.00,0.00,0.00,,,,
2021-01-02 18:14:30 IST,904,0.00,0.00,0.00,0.00,0.00,,,,
2021-01-02 18:24:55 IST,905,0.00,0.00,0.00,0.00,0.00,,,,
2021-01-02 18:35:20 IST,906,0.00,0.00,0.00,0.00,0.00,,,,
2021-01-02 18:45:45 IST,907,0.00,0.00,0.00,0.00,0.00,,,,
2021-01-02 18:56:10 IST,908,0.00,0.00,0.00,0.00,0.00,,,,
2021-01-02 19:06:36 IST,909,0.00,0.00,0.00,0.00,0.00,,,,
2021-01-02 19:17:01 IST,910,0.00,0.00,0.00,0.00,0.00,,,,
2021-01-02 19:27:26 IST,911,0.00,0.00,0.00,0.00,0.00,,,,
2021-01-02 19:37:51 IST,912,0.00,0.00,0.00,0.00,0.00,,,,
2021-01-02 19:48:16 IST,913,0.00,0.00,0.00,0.00,0.00,,,,
2021-01-02 19:58:41 IST,914,0.00,0.00,0.00,0.00,0.00,,,,
2021-01-02 20:09:06 IST,915,0.00,0.00,0.00,0.00,0.00,,,,
2021-01-02 20:19:31 IST,916,0.00,0.00,0.00,0.00,0.00,,,,
2021-01-02 20:29:57 IST,917,0.00,0.00,0.00,0.00,0.00,,,,
2021-01-02 20:40:22 IST,918,0.00,0.00,0.00,0.00,0.00,,,,
2021-01-02 20:50:47 IST,919,0.00,0.00,0.00,0.00,0.00,,,,
2021-01-02 21:01:12 IST,920,0.00,0.00,0.00,0.00,0.00,,,,
2021-01-02 21:11:37 IST,921,0.00,0.00,0.00,0.00,0.00,,,,
2021-01-02 21:22:02 IST,922,0.00,0.00,0.00,0.00,0.00,,,,
2021-01-02 21:32:27 IST,923,0.00,0.00,0.00,0.00,0.00,,,,
2021-01-02 21:42:52 IST,924,0.00,0.00,0.00,0.00,0.00,,,,
2021-01-02 21:53:17 IST,925,0.00,0.00,0.00,0.00,0.00,,,,
2021-01-02 22:03:42 IST,926,0.00,0.00,0.00,0.00,0.00,,,,
2021-01-02 22:14:08 IST,927,0.00,0.00,0.00,0.00,0.00,,,,
2021-01-02 22:24:33 IST,928,0.00,0.00,0.00,0.00,0.00,,,,
2021-01-02 22:28:41 IST,929,25.00000,0.00000,0.00000,0.00000,,,,,
2021-01-02 22:29:02 IST,930,25.00000,0.00000,0.00000,0.00000,,,,,
2021-01-02 22:29:23 IST,931,24.68750,0.00000,0.00000,0.00000,,,,,
2021-01-02 22:29:43 IST,932,24.68750,0.48352,0.48656,0.48352,,,,,
2021-01-02 22:30:04 IST,933,24.68750,0.48029,0.48331,0.48029,,,,,
2021-01-02 22:30:24 IST,934,24.68750,0.47868,0.48169,0.47868,,,,,
2021-01-02 22:30:45 IST,935,24.68750,0.47546,0.47845,0.47546,,,,,
2021-01-02 22:31:06 IST,936,24.68750,0.47304,0.47602,0.47304,,,,,
2021-01-02 22:31:26 IST,937,22.56250,0.07736,0.08101,0.07736,,,,,
2021-01-02 22:31:47 IST,938,21.18750,0.16198,0.17535,0.16198,,,,,
2021-01-02 22:32:07 IST,939,20.62500,0.18293,0.20020,0.18293,,,,,
2021-01-02 22:32:28 IST,940,20.93750,0.19341,0.21080,0.19341,,,,,
2021-01-02 22:32:48 IST,941,21.50000,0.19421,0.20911,0.19421,,,,,
2021-01-02 22:33:09 IST,942,22.12500,0.19341,0.20548,0.19341,,,,,
2021-01-02 22:33:30 IST,943,22.56250,0.19663,0.20671,0.19663,,,,,
2021-01-02 22:33:50 IST,944,22.87500,0.19502,0.20394,0.19502,,,,,
2021-01-02 22:34:11 IST,945,23.12500,0.19824,0.20623,0.19824,,,,,
2021-01-02 22:34:31 IST,946,23.25000,0.19582,0.20293,0.19582,,,,,
2021-01-02 22:34:52 IST,947,23.37500,0.19421,0.20100,0.19421,,,,,
2021-01-02 22:35:13 IST,948,23.37500,0.18938,0.19574,0.18938,,,,,
2021-01-02 22:35:56 IST,949,23.50000,0.19099,0.19690,0.19099,,,,,
2021-01-02 22:36:16 IST,950,23.56250,0.18777,0.19332,0.18777,,,,,
2021-01-02 22:36:37 IST,951,23.56250,0.18615,0.19166,0.18615,,,,,
2021-01-02 22:36:58 IST,952,23.56250,0.18454,0.19000,0.18454,,,,,
2021-01-02 22:37:18 IST,953,23.62500,0.17810,0.18313,0.17810,,,,,
2021-01-02 22:37:39 IST,954,23.68750,0.17810,0.18290,0.17810,,,,,
2021-01-02 22:37:59 IST,955,23.68750,0.17568,0.18041,0.17568,,,,,
2021-01-02 22:38:20 IST,956,23.68750,0.17729,0.18184,0.17729,,,,,
2021-01-02 22:38:41 IST,957,23.68750,0.17971,0.18455,0.17971,,,,,
2021-01-02 22:39:01 IST,958,23.75000,0.17729,0.18184,0.17729,,,,,
2021-01-02 22:39:22 IST,959,23.75000,0.18132,0.18597,0.18132,,,,,
2021-01-02 22:39:42 IST,960,23.81250,0.16842,0.17252,0.16842,,,,,
2021-01-02 22:40:03 IST,961,24.68750,0.43355,0.43628,0.43355,,,,,
2021-01-02 22:40:40 IST,962,24.75000,0.52864,0.53130,0.52864,,,,,
2021-01-02 22:41:01 IST,963,24.75000,0.52864,0.53130,0.52864,,,,,
2021-01-02 22:42:06 IST,964,24.75000,0.57377,0.57666,0.57377,,,,,
2021-01-02 22:42:27 IST,965,24.75000,0.52381,0.52644,0.52381,,,,,
2021-01-02 22:42:47 IST,966,24.75000,0.52703,0.52968,0.52703,,,,,
2021-01-02 22:43:08 IST,967,24.75000,0.52220,0.52482,0.52220,,,,,
2021-01-02 22:43:29 IST,968,24.75000,0.52059,0.52320,0.52059,,,,,
2021-01-02 22:43:49 IST,969,24.75000,0.50366,0.50619,0.50366,,,,,
2021-01-02 22:44:10 IST,970,24.75000,0.50527,0.50718,0.50527,,,,,
2021-01-02 22:44:31 IST,971,24.81250,0.50205,0.50457,0.50205,,,,,
2021-01-02 22:44:51 IST,972,24.75000,0.50044,0.50295,0.50044,,,,,
2021-01-02 22:45:12 IST,973,24.75000,0.50044,0.50295,0.50044,,,,,
2021-01-02 22:45:23 IST,974,0.00,0.00,0.00,0.00,0.00,,,,
2021-01-02 22:45:53 IST,975,24.75000,0.50044,0.50295,0.50044,,,,,
2021-01-02 22:46:14 IST,976,24.81250,0.50044,0.50232,0.50044,,,,,
2021-01-02 22:46:34 IST,977,24.81250,0.49641,0.49828,0.49641,,,,,
2021-01-02 22:46:55 IST,978,24.81250,0.49641,0.49828,0.49641,,,,,
2021-01-02 22:47:15 IST,979,24.81250,0.49722,0.49909,0.49722,,,,,
2021-01-02 22:47:36 IST,980,24.81250,0.49077,0.49262,0.49077,,,,,
2021-01-02 22:47:56 IST,981,24.81250,0.48916,0.49100,0.48916,,,,,
2021-01-02 22:48:17 IST,982,24.81250,0.48916,0.49100,0.48916,,,,,
2021-01-02 22:48:38 IST,983,24.81250,0.48755,0.48938,0.48755,,,,,
2021-01-02 22:48:58 IST,984,24.81250,0.48432,0.48615,0.48432,,,,,
2021-01-02 22:49:19 IST,985,24.81250,0.48674,0.48857,0.48674,,,,,
2021-01-02 22:49:39 IST,986,24.81250,0.48593,0.48776,0.48593,,,,,
2021-01-02 22:50:00 IST,987,24.81250,0.48352,0.48534,0.48352,,,,,
2021-01-02 22:50:21 IST,988,24.81250,0.48513,0.48695,0.48513,,,,,
2021-01-02 22:50:41 IST,989,24.81250,0.48190,0.48372,0.48190,,,,,
2021-01-02 22:51:02 IST,990,23.37500,0.22886,0.23473,0.22886,,,,,
2021-01-02 22:51:22 IST,991,21.87500,0.14425,0.15346,0.14425,,,,,
2021-01-02 22:51:43 IST,992,21.12500,0.00000,0.00000,0.00000,,,,,
2021-01-02 22:52:03 IST,993,20.93750,0.00000,0.00000,0.00000,,,,,
2021-01-02 22:52:24 IST,994,21.18750,0.00000,0.00000,0.00000,,,,,
2021-01-02 22:52:45 IST,995,21.81250,0.00000,0.00000,0.00000,,,,,
2021-01-02 22:53:05 IST,996,22.31250,0.00000,0.00000,0.00000,,,,,
2021-01-02 22:53:26 IST,997,22.62500,0.00000,0.00000,0.00000,,,,,
2021-01-02 22:53:46 IST,998,22.87500,0.00000,0.00000,0.00000,,,,,
2021-01-02 22:54:07 IST,999,23.06250,0.00000,0.00000,0.00000,,,,,
2021-01-02 22:54:28 IST,1000,23.18750,0.00000,0.00000,0.00000,,,,,
2021-01-02 22:54:48 IST,1001,23.31250,0.00000,0.00000,0.00000,,,,,
2021-01-02 22:55:09 IST,1002,23.43750,0.00000,0.00000,0.00000,,,,,
2021-01-02 22:55:29 IST,1003,23.50000,0.00000,0.00000,0.00000,,,,,
2021-01-02 22:55:50 IST,1004,23.50000,0.00000,0.00000,0.00000,,,,,
2021-01-02 22:56:11 IST,1005,23.56250,0.00000,0.00000,0.00000,,,,,
2021-01-02 22:56:31 IST,1006,23.62500,0.00000,0.00000,0.00000,,,,,
2021-01-02 22:56:52 IST,1007,23.68750,0.00000,0.00000,0.00000,,,,,
2021-01-02 22:57:12 IST,1008,23.68750,0.00000,0.00000,0.00000,,,,,
2021-01-02 22:57:33 IST,1009,23.75000,0.00000,0.00000,0.00000,,,,,
2021-01-02 22:57:53 IST,1010,23.81250,0.00000,0.00000,0.00000,,,,,
2021-01-02 22:58:14 IST,1011,23.81250,0.00000,0.00000,0.00000,,,,,
2021-01-02 22:58:35 IST,1012,23.81250,0.00000,0.00000,0.00000,,,,,
2021-01-02 22:58:55 IST,1013,23.81250,0.00000,0.00000,0.00000,,,,,
2021-01-02 22:59:16 IST,1014,23.81250,0.00000,0.00000,0.00000,,,,,
2021-01-02 22:59:36 IST,1015,23.81250,0.00000,0.00000,0.00000,,,,,
2021-01-02 22:59:57 IST,1016,23.81250,0.00000,0.00000,0.00000,,,,,
2021-01-02 23:00:18 IST,1017,23.87500,0.00000,0.00000,0.00000,,,,,
2021-01-02 23:00:38 IST,1018,23.87500,0.00000,0.00000,0.00000,,,,,
2021-01-02 23:02:10 IST,1019,24.00000,0.00000,0.00000,0.00000,,,,,
2021-01-02 23:02:31 IST,1020,24.12500,0.00000,0.00000,0.00000,,,,,
2021-01-02 23:02:51 IST,1021,24.31250,0.00000,0.00000,0.00000,,,,,
2021-01-02 23:03:12 IST,1022,24.37500,0.00000,0.00000,0.00000,,,,,
2021-01-02 23:03:32 IST,1023,24.50000,0.00000,0.00000,0.00000,,,,,
2021-01-02 23:03:53 IST,1024,24.56250,0.00000,0.00000,0.00000,,,,,
2021-01-02 23:04:14 IST,1025,24.68750,0.00000,0.00000,0.00000,,,,,
2021-01-02 23:04:34 IST,1026,24.75000,0.00000,0.00000,0.00000,,,,,
2021-01-02 23:04:55 IST,1027,24.75000,0.00000,0.00000,0.00000,,,,,
2021-01-02 23:05:15 IST,1028,24.81250,0.00000,0.00000,0.00000,,,,,
2021-01-02 23:05:36 IST,1029,24.81250,0.00000,0.00000,0.00000,,,,,
2021-01-02 23:05:56 IST,1030,24.87500,0.00000,0.00000,0.00000,,,,,
2021-01-02 23:06:17 IST,1031,24.87500,0.00000,0.00000,0.00000,,,,,
2021-01-02 23:06:38 IST,1032,24.87500,0.00000,0.00000,0.00000,,,,,
2021-01-02 23:06:58 IST,1033,24.87500,0.00000,0.00000,0.00000,,,,,
2021-01-02 23:07:19 IST,1034,24.87500,0.00000,0.00000,0.00000,,,,,
2021-01-02 23:07:39 IST,1035,24.87500,0.00000,0.00000,0.00000,,,,,
2021-01-02 23:08:00 IST,1036,24.87500,0.00000,0.00000,0.00000,,,,,
2021-01-02 23:08:20 IST,1037,24.87500,0.00000,0.00000,0.00000,,,,,
2021-01-02 23:08:41 IST,1038,24.87500,0.00000,0.00000,0.00000,,,,,
2021-01-02 23:09:02 IST,1039,24.87500,0.00000,0.00000,0.00000,,,,,
2021-01-02 23:09:22 IST,1040,24.87500,0.00000,0.00000,0.00000,,,,,
2021-01-02 23:09:43 IST,1041,24.87500,0.00000,0.00000,0.00000,,,,,
2021-01-02 23:10:03 IST,1042,24.87500,0.00000,0.00000,0.00000,,,,,
2021-01-02 23:10:24 IST,1043,24.87500,0.00000,0.00000,0.00000,,,,,
2021-01-02 23:10:45 IST,1044,24.93750,0.00000,0.00000,0.00000,,,,,
2021-01-02 23:11:05 IST,1045,24.87500,0.00000,0.00000,0.00000,,,,,
2021-01-02 23:11:26 IST,1046,24.93750,0.00000,0.00000,0.00000,,,,,
2021-01-02 23:11:46 IST,1047,24.87500,0.00000,0.00000,0.00000,,,,,
2021-01-02 23:12:07 IST,1048,24.93750,0.00000,0.00000,0.00000,,,,,
2021-01-02 23:12:28 IST,1049,24.93750,0.00000,0.00000,0.00000,,,,,
2021-01-02 23:12:48 IST,1050,24.93750,0.00000,0.00000,0.00000,,,,,
2021-01-02 23:13:09 IST,1051,24.93750,0.00000,0.00000,0.00000,,,,,
2021-01-02 23:13:29 IST,1052,24.93750,0.00000,0.00000,0.00000,,,,,
2021-01-02 23:13:50 IST,1053,24.93750,0.00000,0.00000,0.00000,,,,,
2021-01-02 23:14:10 IST,1054,24.93750,0.00000,0.00000,0.00000,,,,,
2021-01-02 23:14:31 IST,1055,24.93750,0.00000,0.00000,0.00000,,,,,
2021-01-02 23:14:52 IST,1056,24.93750,0.00000,0.00000,0.00000,,,,,
2021-01-02 23:15:12 IST,1057,24.93750,0.00000,0.00000,0.00000,,,,,
2021-01-02 23:15:33 IST,1058,24.93750,0.00000,0.00000,0.00000,,,,,
2021-01-02 23:15:54 IST,1059,24.93750,0.00000,0.00000,0.00000,,,,,
2021-01-02 23:16:14 IST,1060,24.93750,0.00000,0.00000,0.00000,,,,,
2021-01-02 23:16:35 IST,1061,24.93750,0.00000,0.00000,0.00000,,,,,
2021-01-02 23:16:55 IST,1062,24.93750,0.00000,0.00000,0.00000,,,,,
2021-01-02 23:17:16 IST,1063,25.00000,0.00000,0.00000,0.00000,,,,,
2021-01-02 23:17:36 IST,1064,25.00000,0.00000,0.00000,0.00000,,,,,
2021-01-02 23:17:57 IST,1065,25.00000,0.00000,0.00000,0.00000,,,,,
2021-01-02 23:18:18 IST,1066,25.00000,0.00000,0.00000,0.00000,,,,,
2021-01-02 23:18:38 IST,1067,25.00000,0.00000,0.00000,0.00000,,,,,
2021-01-02 23:18:59 IST,1068,25.00000,0.00000,0.00000,0.00000,,,,,
2021-01-02 23:19:19 IST,1069,25.00000,0.00000,0.00000,0.00000,,,,,
2021-01-02 23:19:40 IST,1070,25.00000,0.00000,0.00000,0.00000,,,,,
2021-01-02 23:20:10 IST,1071,25.00000,0.00000,0.00000,,,,,,
2021-01-02 23:20:30 IST,1072,25.00000,0.00000,0.00000,,,,,,
2021-01-02 23:20:51 IST,1073,25.00000,0.00000,0.00000,,,,,,
2021-01-02 23:21:11 IST,1074,25.00000,0.00000,0.00000,,,,,,
2021-01-02 23:21:32 IST,1075,25.00000,0.00000,0.00000,,,,,,
2021-01-02 23:21:52 IST,1076,25.00000,0.00000,0.00000,,,,,,
2021-01-02 23:22:13 IST,1077,23.75000,0.64388,0.65870,,,,,,
2021-01-02 23:22:34 IST,1078,23.56250,0.63260,0.65049,,,,,,
2021-01-02 23:22:54 IST,1079,23.56250,0.63421,0.65215,,,,,,
2021-01-02 23:23:15 IST,1080,23.62500,0.63179,0.64966,,,,,,
2021-01-02 23:23:35 IST,1081,23.62500,0.63582,0.65380,,,,,,
2021-01-02 23:23:56 IST,1082,23.62500,0.63502,0.65298,,,,,,
2021-01-02 23:24:17 IST,1083,23.62500,0.63582,0.65380,,,,,,
2021-01-02 23:24:37 IST,1084,23.62500,0.63260,0.65049,,,,,,
2021-01-02 23:24:58 IST,1085,23.62500,0.63985,0.65795,,,,,,
2021-01-02 23:25:18 IST,1086,23.62500,0.63502,0.65298,,,,,,
2021-01-02 23:25:39 IST,1087,23.62500,0.63018,0.64800,,,,,,
2021-01-02 23:26:00 IST,1088,23.62500,0.62938,0.64717,,,,,,
2021-01-02 23:26:20 IST,1089,23.62500,0.63018,0.64800,,,,,,
2021-01-02 23:27:03 IST,1090,0.00,0.00,0.00,0.00,0.00,,,,
2021-01-02 23:37:29 IST,1091,85.00,0.57,214.70,103.42,0.00,,,,
2021-01-02 23:47:54 IST,1092,26.06,0.57,214.23,210.12,0.00,,,,
2021-01-02 23:58:19 IST,1093,26.06,0.57,214.17,210.06,0.00,,,,
2021-01-03 00:08:44 IST,1094,26.06,0.57,214.30,210.19,0.00,,,,
2021-01-03 00:19:09 IST,1095,26.06,0.57,214.28,210.17,0.00,,,,
2021-01-03 00:29:34 IST,1096,26.06,0.57,214.29,210.18,0.00,,,,
2021-01-03 00:40:00 IST,1097,26.06,0.57,214.40,210.29,0.00,,,,
2021-01-03 00:50:25 IST,1098,26.06,0.57,214.39,210.28,0.00,,,,
2021-01-03 01:00:50 IST,1099,26.06,0.57,214.61,210.49,0.00,,,,
2021-01-03 01:11:15 IST,1100,26.06,0.57,214.58,210.46,0.00,,,,
2021-01-03 01:21:40 IST,1101,26.06,0.57,214.69,210.57,0.00,,,,
2021-01-03 01:32:05 IST,1102,26.06,0.57,214.70,210.58,0.00,,,,
2021-01-03 01:42:30 IST,1103,26.06,0.57,214.79,210.67,0.00,,,,
2021-01-03 01:52:55 IST,1104,26.06,0.57,214.80,210.68,0.00,,,,
2021-01-03 02:03:21 IST,1105,26.06,0.57,214.88,210.75,0.00,,,,
2021-01-03 02:13:46 IST,1106,26.06,0.57,214.85,210.73,0.00,,,,
2021-01-03 02:24:11 IST,1107,26.06,0.57,214.85,210.73,0.00,,,,
2021-01-03 02:34:36 IST,1108,26.06,0.57,214.97,210.85,0.00,,,,
2021-01-03 02:45:01 IST,1109,26.06,0.57,214.87,210.75,0.00,,,,
2021-01-03 02:55:26 IST,1110,26.06,0.57,214.94,210.82,0.00,,,,
2021-01-03 03:05:51 IST,1111,26.06,0.57,214.75,210.63,0.00,,,,
2021-01-03 03:16:17 IST,1112,26.06,0.57,214.81,210.69,0.00,,,,
2021-01-03 03:26:42 IST,1113,26.06,0.57,214.91,210.79,0.00,,,,
2021-01-03 03:37:07 IST,1114,26.06,0.57,214.83,210.71,0.00,,,,
2021-01-03 03:47:32 IST,1115,26.06,0.57,214.86,210.74,0.00,,,,
2021-01-03 03:57:57 IST,1116,26.06,0.57,214.90,210.77,0.00,,,,
2021-01-03 04:08:23 IST,1117,26.06,0.57,214.93,210.81,0.00,,,,
2021-01-03 04:18:48 IST,1118,26.06,0.57,214.56,210.44,0.00,,,,
2021-01-03 04:29:13 IST,1119,26.06,0.57,214.89,210.76,0.00,,,,
2021-01-03 04:39:38 IST,1120,26.06,0.57,214.82,210.70,0.00,,,,
2021-01-03 04:50:03 IST,1121,26.06,0.57,214.84,210.72,0.00,,,,
2021-01-03 05:00:28 IST,1122,26.06,0.57,214.87,210.75,0.00,,,,
2021-01-03 05:10:53 IST,1123,26.06,0.57,214.76,210.64,0.00,,,,
2021-01-03 05:21:19 IST,1124,26.06,0.57,214.94,210.82,0.00,,,,
2021-01-03 05:31:44 IST,1125,26.00,0.57,215.20,211.30,0.00,,,,
2021-01-03 05:42:09 IST,1126,26.00,0.57,215.01,211.12,0.00,,,,
2021-01-03 05:52:34 IST,1127,26.00,0.57,215.09,211.20,0.00,,,,
2021-01-03 06:03:00 IST,1128,26.00,0.57,215.04,211.15,0.00,,,,
2021-01-03 06:13:25 IST,1129,26.00,0.57,215.03,211.14,0.00,,,,
2021-01-03 06:34:14 IST,1130,26.06,0.57,215.03,210.90,0.00,,,,
2021-01-03 06:44:40 IST,1131,26.00,0.57,215.13,211.24,0.00,,,,
2021-01-03 06:55:05 IST,1132,26.00,0.57,215.12,211.23,0.00,,,,
2021-01-03 07:05:30 IST,1133,26.00,0.57,214.94,211.06,0.00,,,,
2021-01-03 07:15:55 IST,1134,26.00,0.57,215.27,211.38,0.00,,,,
2021-01-03 07:26:20 IST,1135,26.00,0.57,215.00,211.11,0.00,,,,
2021-01-03 07:36:46 IST,1136,26.00,0.57,214.93,211.05,0.00,,,,
2021-01-03 07:47:11 IST,1137,26.00,0.57,214.80,210.92,0.00,,,,
2021-01-03 07:57:36 IST,1138,26.00,0.57,214.85,210.97,0.00,,,,
2021-01-03 08:08:01 IST,1139,26.00,0.57,214.70,210.82,0.00,,,,
2021-01-03 08:18:26 IST,1140,26.00,0.57,214.61,210.73,0.00,,,,
2021-01-03 08:28:52 IST,1141,26.00,0.57,214.49,210.62,0.00,,,,
2021-01-03 08:39:17 IST,1142,26.00,0.57,214.41,210.53,0.00,,,,
2021-01-03 08:49:42 IST,1143,26.00,0.57,214.34,210.46,0.00,,,,
2021-01-03 09:00:07 IST,1144,26.00,0.57,214.28,210.41,0.00,,,,
2021-01-03 09:10:32 IST,1145,26.00,0.57,214.06,210.19,0.00,,,,
2021-01-03 09:20:57 IST,1146,26.00,0.57,214.16,210.29,0.00,,,,
2021-01-03 09:31:23 IST,1147,26.00,0.57,213.45,209.59,0.00,,,,
2021-01-03 09:41:48 IST,1148,26.00,0.57,213.49,209.64,0.00,,,,
2021-01-03 09:52:13 IST,1149,26.00,0.57,213.60,209.74,0.00,,,,
2021-01-03 10:02:40 IST,1150,26.00,0.56,212.91,209.06,0.00,,,,
2021-01-03 10:13:06 IST,1151,26.00,0.56,212.82,208.97,0.00,,,,
2021-01-03 10:23:31 IST,1152,26.00,0.56,212.49,208.64,0.00,,,,
2021-01-03 10:33:56 IST,1153,26.00,0.56,212.24,208.41,0.00,,,,
2021-01-03 10:44:21 IST,1154,25.94,0.56,212.06,208.46,0.00,,,,
2021-01-03 10:54:47 IST,1155,26.00,0.56,211.82,207.99,0.00,,,,
2021-01-03 11:05:12 IST,1156,26.00,0.56,211.38,207.56,0.00,,,,
2021-01-03 11:15:37 IST,1157,25.94,0.56,211.36,207.78,0.00,,,,
2021-01-03 11:26:02 IST,1158,25.94,0.56,211.21,207.63,0.00,,,,
2021-01-03 11:36:27 IST,1159,25.94,0.56,210.54,206.97,0.00,,,,
2021-01-03 11:46:53 IST,1160,25.94,0.56,210.71,207.13,0.00,,,,
2021-01-03 11:57:19 IST,1161,0.00,0.56,210.66,-12.35,0.00,,,,
2021-01-03 12:07:45 IST,1162,0.00,0.56,210.45,-12.34,0.00,,,,
2021-01-03 12:18:11 IST,1163,0.00,0.56,210.37,-12.34,0.00,,,,
2021-01-03 12:28:39 IST,1164,0.00,0.56,210.00,-12.31,0.00,,,,
2021-01-03 12:39:05 IST,1165,0.00,0.56,210.50,-12.34,0.00,,,,
2021-01-03 12:49:30 IST,1166,0.00,0.55,209.81,-12.30,0.00,,,,
2021-01-03 12:59:59 IST,1167,0.00,0.56,210.09,-12.32,0.00,,,,
2021-01-03 13:10:24 IST,1168,0.00,0.55,209.69,-12.29,0.00,,,,
2021-01-03 13:20:50 IST,1169,0.00,0.55,209.07,-12.25,0.00,,,,
2021-01-03 13:31:15 IST,1170,0.00,0.55,209.11,-12.25,0.00,,,,
2021-01-03 13:41:41 IST,1171,0.00,0.55,208.32,-12.20,0.00,,,,
2021-01-03 13:52:06 IST,1172,0.00,0.55,208.15,-12.19,0.00,,,,
2021-01-03 14:02:32 IST,1173,0.00,0.55,207.47,-12.15,0.00,,,,
2021-01-03 14:12:57 IST,1174,0.00,0.55,207.56,-12.15,0.00,,,,
2021-01-03 14:23:22 IST,1175,0.00,0.55,208.63,-12.22,0.00,,,,
2021-01-03 14:33:47 IST,1176,0.00,0.55,209.02,-12.25,0.00,,,,
2021-01-03 14:44:12 IST,1177,0.00,0.55,209.58,-12.28,0.00,,,,
2021-01-03 14:54:37 IST,1178,0.00,0.55,209.48,-12.28,0.00,,,,
2021-01-03 15:05:03 IST,1179,0.00,0.55,209.67,-12.29,0.00,,,,
2021-01-03 15:15:28 IST,1180,0.00,0.55,209.73,-12.29,0.00,,,,
2021-01-03 15:25:53 IST,1181,0.00,0.55,209.75,-12.30,0.00,,,,
2021-01-03 15:36:18 IST,1182,0.00,0.55,209.62,-12.29,0.00,,,,
2021-01-03 15:46:43 IST,1183,0.00,0.55,209.77,-12.30,0.00,,,,
2021-01-03 15:57:08 IST,1184,0.00,0.56,209.96,-12.31,0.00,,,,
2021-01-03 16:07:34 IST,1185,0.00,0.56,210.22,-12.33,0.00,,,,
2021-01-03 16:17:59 IST,1186,0.00,0.56,210.40,-12.34,0.00,,,,
2021-01-03 16:28:24 IST,1187,0.00,0.56,210.42,-12.34,0.00,,,,
2021-01-03 16:38:49 IST,1188,0.00,0.56,210.66,-12.35,0.00,,,,
2021-01-03 16:49:14 IST,1189,0.00,0.56,210.76,-12.36,0.00,,,,
2021-01-03 16:59:41 IST,1190,0.00,0.56,210.93,-12.37,0.00,,,,
2021-01-03 17:10:06 IST,1191,0.00,0.56,211.19,-12.39,0.00,,,,
2021-01-03 17:20:31 IST,1192,0.00,0.56,211.29,-12.39,0.00,,,,
2021-01-03 17:30:57 IST,1193,0.00,0.56,210.98,-12.37,0.00,,,,
2021-01-03 17:41:22 IST,1194,0.00,0.56,211.36,-12.40,0.00,,,,
2021-01-03 18:01:02 IST,1195,85.00,0.56,212.07,102.13,0.00,,,,
2021-01-03 18:11:27 IST,1196,26.00,0.56,212.31,208.47,0.00,,,,
2021-01-03 18:21:52 IST,1197,26.00,0.56,212.34,208.50,0.00,,,,
2021-01-03 18:32:18 IST,1198,26.00,0.56,212.86,209.01,0.00,,,,
2021-01-03 18:42:43 IST,1199,26.00,0.56,212.76,208.91,0.00,,,,
2021-01-03 18:53:08 IST,1200,26.00,0.56,213.04,209.19,0.00,,,,
2021-01-03 19:03:33 IST,1201,26.00,0.56,213.02,209.17,0.00,,,,
2021-01-03 19:13:59 IST,1202,26.00,0.56,213.10,209.25,0.00,,,,
2021-01-03 19:24:24 IST,1203,26.00,0.56,212.92,209.08,0.00,,,,
2021-01-03 19:34:49 IST,1204,26.00,0.56,213.26,209.41,0.00,,,,
2021-01-03 19:45:14 IST,1205,26.00,0.56,213.04,209.19,0.00,,,,
2021-01-03 19:55:41 IST,1206,26.00,0.56,213.09,209.24,0.00,,,,
2021-01-03 20:06:06 IST,1207,26.00,0.56,213.09,209.24,0.00,,,,
2021-01-03 20:16:32 IST,1208,26.00,0.56,213.24,209.39,0.00,,,,
2021-01-03 20:26:57 IST,1209,26.00,0.56,212.97,209.12,0.00,,,,
2021-01-03 20:37:22 IST,1210,26.00,0.56,213.32,209.46,0.00,,,,
2021-01-03 20:47:47 IST,1211,26.00,0.56,213.11,209.26,0.00,,,,
2021-01-03 20:58:12 IST,1212,26.00,0.56,212.96,209.11,0.00,,,,
2021-01-03 21:08:38 IST,1213,26.00,0.56,212.96,209.11,0.00,,,,
2021-01-03 21:19:03 IST,1214,26.06,0.56,212.74,208.66,0.00,,,,
2021-01-03 21:29:28 IST,1215,26.00,0.56,212.74,208.89,0.00,,,,
2021-01-03 21:39:53 IST,1216,26.00,0.56,212.80,208.96,0.00,,,,
2021-01-03 21:50:18 IST,1217,26.06,0.56,213.38,209.29,0.00,,,,
2021-01-03 22:00:43 IST,1218,26.06,0.56,213.37,209.28,0.00,,,,
2021-01-03 22:11:09 IST,1219,26.00,0.56,213.15,209.30,0.00,,,,
2021-01-03 22:21:34 IST,1220,26.06,0.56,213.31,209.22,0.00,,,,
2021-01-03 22:31:59 IST,1221,26.00,0.56,213.34,209.48,0.00,,,,
2021-01-03 22:42:24 IST,1222,26.06,0.56,213.32,209.23,0.00,,,,
2021-01-03 22:52:49 IST,1223,26.06,0.56,213.39,209.30,0.00,,,,
2021-01-03 23:03:15 IST,1224,26.06,0.56,213.35,209.26,0.00,,,,
2021-01-03 23:13:40 IST,1225,26.06,0.57,213.48,209.38,0.00,,,,
2021-01-03 23:24:05 IST,1226,26.06,0.57,213.69,209.59,0.00,,,,
2021-01-03 23:34:30 IST,1227,26.06,0.57,213.84,209.74,0.00,,,,
2021-01-03 23:44:55 IST,1228,26.06,0.57,213.78,209.68,0.00,,,,
2021-01-03 23:55:21 IST,1229,26.06,0.57,213.76,209.66,0.00,,,,
2021-01-04 00:05:46 IST,1230,26.06,0.57,213.77,209.66,0.00,,,,
2021-01-04 00:16:11 IST,1231,26.00,0.57,213.75,209.88,0.00,,,,
2021-01-04 00:26:36 IST,1232,26.00,0.57,214.01,210.14,0.00,,,,
2021-01-04 00:37:01 IST,1233,26.06,0.57,213.85,209.75,0.00,,,,
2021-01-04 00:47:26 IST,1234,26.00,0.57,213.81,209.95,0.00,,,,
2021-01-04 00:57:52 IST,1235,26.00,0.57,213.78,209.92,0.00,,,,
2021-01-04 01:08:17 IST,1236,26.00,0.57,213.82,209.96,0.00,,,,
2021-01-04 01:18:42 IST,1237,26.00,0.57,213.89,210.02,0.00,,,,
2021-01-04 01:29:07 IST,1238,26.00,0.57,214.11,210.24,0.00,,,,
2021-01-04 01:39:32 IST,1239,26.00,0.57,214.03,210.16,0.00,,,,
2021-01-04 01:49:58 IST,1240,26.00,0.57,214.08,210.21,0.00,,,,
2021-01-04 02:00:23 IST,1241,26.00,0.57,214.18,210.30,0.00,,,,
2021-01-04 02:10:48 IST,1242,26.00,0.57,214.20,210.33,0.00,,,,
2021-01-04 02:21:13 IST,1243,26.00,0.57,214.13,210.26,0.00,,,,
2021-01-04 02:31:38 IST,1244,26.00,0.57,214.20,210.33,0.00,,,,
2021-01-04 02:42:03 IST,1245,26.00,0.57,214.10,210.23,0.00,,,,
2021-01-04 02:52:31 IST,1246,26.00,0.57,214.28,210.41,0.00,,,,
2021-01-04 03:02:56 IST,1247,26.00,0.57,214.29,210.41,0.00,,,,
2021-01-04 03:13:21 IST,1248,26.00,0.57,214.20,210.33,0.00,,,,
2021-01-04 03:23:46 IST,1249,26.00,0.57,214.26,210.39,0.00,,,,
2021-01-04 03:34:11 IST,1250,26.00,0.57,214.27,210.40,0.00,,,,
2021-01-04 03:44:37 IST,1251,26.00,0.57,214.15,210.28,0.00,,,,
2021-01-04 03:55:02 IST,1252,26.00,0.57,214.22,210.35,0.00,,,,
2021-01-04 04:05:27 IST,1253,26.00,0.57,214.28,210.41,0.00,,,,
2021-01-04 04:15:50 IST,1254,26.00,0.57,213.98,210.11,0.00,,,,
2021-01-04 04:26:15 IST,1255,26.00,0.57,214.25,210.38,0.00,,,,
2021-01-04 04:36:40 IST,1256,26.00,0.57,214.19,210.31,0.00,,,,
2021-01-04 04:47:05 IST,1257,26.00,0.57,214.28,210.41,0.00,,,,
2021-01-04 04:57:30 IST,1258,25.94,0.57,214.37,210.74,0.00,,,,
2021-01-04 05:07:55 IST,1259,25.94,0.57,214.43,210.79,0.00,,,,
2021-01-04 05:18:21 IST,1260,25.94,0.57,214.44,210.80,0.00,,,,
2021-01-04 05:28:46 IST,1261,26.00,0.57,214.34,210.46,0.00,,,,
2021-01-04 05:39:11 IST,1262,25.94,0.57,214.54,210.90,0.00,,,,
2021-01-04 05:49:36 IST,1263,26.00,0.57,214.42,210.54,0.00,,,,
2021-01-04 06:00:01 IST,1264,25.94,0.57,214.49,210.85,0.00,,,,
2021-01-04 06:10:26 IST,1265,26.00,0.57,214.53,210.65,0.00,,,,
2021-01-04 06:20:52 IST,1266,25.94,0.57,214.37,210.74,0.00,,,,
2021-01-04 06:31:17 IST,1267,26.00,0.57,214.43,210.55,0.00,,,,
2021-01-04 06:41:42 IST,1268,26.00,0.57,214.48,210.60,0.00,,,,
2021-01-04 06:52:07 IST,1269,26.00,0.57,214.49,210.61,0.00,,,,
2021-01-04 07:02:33 IST,1270,26.00,0.57,214.42,210.54,0.00,,,,
2021-01-04 07:12:58 IST,1271,26.00,0.57,214.56,210.68,0.00,,,,
2021-01-04 07:23:23 IST,1272,26.00,0.57,214.61,210.73,0.00,,,,
2021-01-04 07:33:48 IST,1273,26.00,0.57,214.64,210.76,0.00,,,,
2021-01-04 07:44:13 IST,1274,26.00,0.57,214.42,210.54,0.00,,,,
2021-01-04 07:54:38 IST,1275,26.00,0.57,214.34,210.47,0.00,,,,
2021-01-04 08:05:04 IST,1276,26.00,0.57,214.32,210.44,0.00,,,,
2021-01-04 08:15:29 IST,1277,26.00,0.57,214.09,210.22,0.00,,,,
2021-01-04 08:25:54 IST,1278,26.00,0.57,214.09,210.22,0.00,,,,
2021-01-04 08:36:19 IST,1279,26.00,0.57,213.78,209.92,0.00,,,,
2021-01-04 08:46:44 IST,1280,26.00,0.57,213.43,209.57,0.00,,,,
2021-01-04 08:57:09 IST,1281,26.00,0.56,213.05,209.20,0.00,,,,
2021-01-04 09:07:34 IST,1282,26.00,0.56,212.86,209.01,0.00,,,,
2021-01-04 09:18:00 IST,1283,26.00,0.56,212.27,208.43,0.00,,,,
2021-01-04 09:28:25 IST,1284,26.00,0.56,212.01,208.18,0.00,,,,
2021-01-04 09:38:50 IST,1285,26.00,0.56,211.81,207.98,0.00,,,,
2021-01-04 09:49:15 IST,1286,0.00,0.56,211.13,-12.38,0.00,,,,
2021-01-04 09:59:40 IST,1287,0.00,0.56,210.52,-12.34,0.00,,,,
2021-01-04 10:10:05 IST,1288,0.00,0.56,210.02,-12.31,0.00,,,,
2021-01-04 10:20:30 IST,1289,0.00,0.55,209.56,-12.28,0.00,,,,
2021-01-04 10:30:55 IST,1290,0.00,0.55,209.15,-12.26,0.00,,,,
2021-01-04 10:41:21 IST,1291,0.00,0.55,208.88,-12.24,0.00,,,,
2021-01-04 10:51:46 IST,1292,0.00,0.55,208.21,-12.20,0.00,,,,
2021-01-04 11:02:11 IST,1293,0.00,0.55,207.84,-12.17,0.00,,,,
2021-01-04 11:12:36 IST,1294,0.00,0.55,207.91,-12.18,0.00,,,,
2021-01-04 11:23:01 IST,1295,0.00,0.55,208.51,-12.22,0.00,,,,
2021-01-04 11:33:26 IST,1296,0.00,0.55,208.30,-12.20,0.00,,,,
2021-01-04 11:43:51 IST,1297,0.00,0.55,208.58,-12.22,0.00,,,,
2021-01-04 11:54:17 IST,1298,0.00,0.55,208.47,-12.21,0.00,,,,
2021-01-04 12:04:42 IST,1299,0.00,0.55,208.63,-12.22,0.00,,,,
2021-01-04 12:15:07 IST,1300,0.00,0.55,208.63,-12.22,0.00,,,,
